LOx,BrO
LOx,OH
LOx,OH
LOx,OH
LOx,OH
LOx,OH
LOx,OH
LOx,OH
LOx,OH
LOx,OH
LOx,OH
LOx,OH
LOx,OH
LOx,OH
LOx,RCHO
LOx,RCHO
LOx,AROMP4
LOx,AROMP4
LOx,SO2
LOx,SO2
LOx,SO2
LOx,HBr
LOx,SALAAL
LOx,MCO3
LOx,MCO3
LOx,HONIT
LOx,PYAC
LOx,MCT
LOx,HOBr
LOx,HOBr
LOx,HOBr
LOx,Cl
LOx,SALCAL
LOx,ClO
LOx,MVK
LOx,MVK
LOx,KO2
LOx,KO2
LOx,KO2
LOx,BENZO2
LOx,ISOP
LOx,MO2
LOx,MO2
LOx,MO2
LOx,I
LOx,CH2O
LOx,CH2O
LOx,CH2O
LOx,CH2O
LOx,CH2O
LOx,CH2O
LOx,CH2O
LOx,CH2O
LOx,H
LOx,GLYC
LOx,GLYC
LOx,GLYC
LOx,PRPE
LOx,PRPE
LOx,IO
LOx,MTPA
LOx,MTPO
LOx,MONITU
LOx,PCO
LOx,PCO
LOx,PCO
LOx,PCO
LOx,PCO
LOx,PCO
LOx,PCO
LOx,PCO
LOx,PCO
LOx,ACTA
LOx,CO
LOx,CO
LOx,CO
LOx,CO
LOx,CO
LOx,CO
LOx,CO
LOx,CO
LOx,CO
LOx,OTHRO2
LOx,NO
LOx,O1D
LOx,O1D
LOx,O1D
LOx,PH2O2
LOx,PH2O2
LOx,PH2O2
LOx,PH2O2
LOx,PH2O2
LOx,O3
LOx,O3
LOx,O3
LOx,O3
LOx,O3
LOx,O3
LOx,O3
LOx,O3
LOx,O3
LOx,O3
LOx,O3
LOx,O3
LOx,O3
LOx,O3
LOx,O3
LOx,O3
LOx,O3
LOx,O3
LOx,O3
LOx,O3
LOx,O3
LOx,O3
LOx,O3
LOx,O3
LOx,O3
LOx,O3
LOx,O3
LOx,O3
LOx,O3
LOx,O3
LOx,O3
LOx,O3
LOx,O3
LOx,O3
LOx,ALD2
LOx,NO3
LOx,O
LOx,O
LOx,O
LOx,CH4
LOx,AROMP5
LOx,BENZO
LOx,SO4s
LOx,H2O2
LOx,H2O2
LOx,H2O2
LOx,H2O2
LOx,H2O2
LOx,MACR
LOx,MACR
LOx,MACR
LOx,HO2
LOx,HO2
LOx,HO2
LOx,HO2
LOx,HO2
LOx,HO2
LOx,HO2
LOx,HO2
LOx,HO2
LOx,HO2
LOx,HO2
LOx,HO2
LOx,MGLY
LOx,MGLY
LOx,MGLY
LOx,C2H4
LOx,CO2
LOx,PSO4
LOx,PSO4
LOx,Br
LOx,BrSALA
LOx,SO4
LOx,SO4
LOx,LIMO
LOx,HCOOH
LOx,HCOOH
LOx,HCOOH
LOx,BrSALC
LOx,CH2OO
LOx,CH2OO
LOx,CH2OO
LOx,CH2OO
LOx,CH2OO
LOx,CH2OO
LOx,NO2
LOx,NO2
LOx,CH3CHOO
LOx,MEK
LOx,MEK
LOx,GLYX
PSO4,HMS
PSO4,OH
PSO4,OH
PSO4,HO2
PSO4,O3
PSO4,O3
PSO4,SO2
PSO4,SO2
PSO4,SO2
PSO4,SO2
PSO4,SO2
PSO4,SO2
PSO4,SO2
PSO4,SO2
PSO4,SALAAL
PSO4,CH2O
PSO4,CH2O
PSO4,ALD2
PSO4,SO4
PSO4,SO4
PSO4,SO4
PSO4,SO4
PSO4,SO4
PSO4,SO4
PSO4,SO4
PSO4,SO4
PSO4,H2O2
PSO4,CH2OO
PSO4,CH3CHOO
SO4,HMS
SO4,OH
SO4,OH
SO4,OH
SO4,HO2
SO4,O3
SO4,O3
SO4,SO2
SO4,SO2
SO4,SO2
SO4,SO2
SO4,SO2
SO4,SO2
SO4,SO2
SO4,SO2
SO4,SO2
SO4,SALAAL
SO4,CH2O
SO4,CH2O
SO4,ALD2
SO4,H2O2
SO4,CH2OO
SO4,CH3CHOO
SALAAL,O3
SALAAL,SO2
SALAAL,HCl
SALAAL,NIT
SALAAL,SALACL
SALAAL,HNO3
O3,SO2
O3,SO2
O3,SO2
O3,PYAC
O3,HOBr
O3,HOBr
O3,HOBr
O3,ClO
O3,HAC
O3,I
O3,MACR1OOH
O3,MCRHNB
O3,MTPO
O3,OTHRO2
O3,OTHRO2
O3,CO
O3,CO
O3,CO
O3,CO
O3,CO
O3,CO
O3,CO
O3,CO
O3,CO
O3,CO
O3,O1D
O3,O1D
O3,O1D
O3,A3O2
O3,BZCO3H
O3,SO4s
O3,CO2
O3,CO2
O3,CO2
O3,CO2
O3,CO2
O3,LIMO
O3,CH2OO
O3,CH2OO
O3,CH2OO
O3,CH2OO
O3,CH2OO
O3,CH2OO
O3,NO2
O3,NO2
O3,NO2
O3,MEK
O3,MEK
O3,OH
O3,OH
O3,OH
O3,OH
O3,OH
O3,OH
O3,OH
O3,OH
O3,OH
O3,OH
O3,OH
O3,OH
O3,OH
O3,OH
O3,OH
O3,OH
O3,OH
O3,OH
O3,RCHO
O3,RCHO
O3,AROMP4
O3,AROMP4
O3,HONIT
O3,MCT
O3,BZCO3
O3,KO2
O3,KO2
O3,KO2
O3,ISOP
O3,PRPE
O3,PRPE
O3,MCRHN
O3,MTPA
O3,MONITU
O3,PCO
O3,PCO
O3,PCO
O3,PCO
O3,PCO
O3,PCO
O3,PCO
O3,PCO
O3,PCO
O3,PCO
O3,NO
O3,NO3
O3,CH4
O3,CH3CHOO
O3,C2H4
O3,BrO
O3,RCO3
O3,MCO3
O3,MCO3
O3,MCO3
O3,MCO3
O3,RP
O3,MVK
O3,MVK
O3,BENZO2
O3,BENZO2
O3,CH2O
O3,CH2O
O3,CH2O
O3,CH2O
O3,CH2O
O3,CH2O
O3,CH2O
O3,CH2O
O3,CH2O
O3,B3O2
O3,POx
O3,POx
O3,POx
O3,POx
O3,POx
O3,POx
O3,PH2O2
O3,PH2O2
O3,PH2O2
O3,PH2O2
O3,PH2O2
O3,AROMP5
O3,MACR
O3,MACR
O3,MACR
O3,Br
O3,HBr
O3,Cl
O3,SALCAL
O3,MO2
O3,MO2
O3,MO2
O3,MO2
O3,MO2
O3,H
O3,GLYC
O3,GLYC
O3,GLYC
O3,IO
O3,ACTA
O3,ACTA
O3,MACR1OO
O3,ALD2
O3,O
O3,O
O3,O
O3,O
O3,BENZO
O3,H2O2
O3,H2O2
O3,H2O2
O3,H2O2
O3,H2O2
O3,HO2
O3,HO2
O3,HO2
O3,HO2
O3,HO2
O3,HO2
O3,HO2
O3,HO2
O3,HO2
O3,HO2
O3,HO2
O3,HO2
O3,HO2
O3,HO2
O3,HO2
O3,HO2
O3,HO2
O3,MGLY
O3,MGLY
O3,MGLY
O3,BENZP
O3,MAP
O3,BrSALA
O3,HCOOH
O3,HCOOH
O3,HCOOH
O3,BrSALC
O3,MACRNO2
O3,GLYX
SO2,OH
SO2,OH
SO2,OH
SO2,OH
SO2,OH
SO2,OH
SO2,HBr
SO2,HOBr
SO2,SALCAL
SO2,MSA
SO2,MO2
SO2,MO2
SO2,MO2
SO2,CH2O
SO2,CH2O
SO2,CH2O
SO2,CH2O
SO2,CH2O
SO2,CH2O
SO2,HCl
SO2,PCO
SO2,PCO
SO2,HNO3
SO2,CO
SO2,CO
SO2,HOCl
SO2,ALD2
SO2,DMS
SO2,DMS
SO2,DMS
SO2,NO3
SO2,OCS
SO2,OCS
SO2,OCS
SO2,O
SO2,SO4s
SO2,SO4s
SO2,SO4s
SO2,H2O2
SO2,HMS
SO2,HMS
SO2,HMS
SO2,HO2
SO2,CO2
SO2,CH2OO
SO2,CH3CHOO
HCl,OH
HCl,OH
HCl,OH
HCl,ALK4
HCl,CH3Cl
HCl,EOH
HCl,SALCCL
HCl,ACET
HCl,BrCl
HCl,BrCl
HCl,HOBr
HCl,BrNO3
HCl,PO2
HCl,Cl
HCl,Cl
HCl,Cl
HCl,Cl
HCl,Cl
HCl,Cl
HCl,Cl
HCl,Cl
HCl,Cl
HCl,Cl
HCl,Cl
HCl,Cl
HCl,Cl
HCl,Cl
HCl,Cl
HCl,Cl
HCl,Cl
HCl,Cl
HCl,Cl
HCl,Cl
HCl,Cl
HCl,Cl
HCl,SALCAL
HCl,ClO
HCl,ClO
HCl,IHOO4
HCl,ETO2
HCl,ISOP
HCl,MO2
HCl,MO2
HCl,MO2
HCl,ClNO3
HCl,R4O2
HCl,H
HCl,H
HCl,CH2O
HCl,CH2O
HCl,CHCl3
HCl,H2O
HCl,H2O
HCl,H2O
HCl,H2O
HCl,B3O2
HCl,PRPE
HCl,N2O5
HCl,PCO
HCl,PCO
HCl,PCO
HCl,PCO
HCl,ACTA
HCl,CO
HCl,CO
HCl,CO
HCl,CO
HCl,HNO3
HCl,HNO3
HCl,HNO3
HCl,HOCl
HCl,HOCl
HCl,O1D
HCl,LCH4
HCl,ALD2
HCl,O
HCl,ATO2
HCl,CH4
HCl,CH2Cl2
HCl,A3O2
HCl,ClNO2
HCl,ClNO2
HCl,Cl2
HCl,Cl2
HCl,Cl2
HCl,H2O2
HCl,SO4s
HCl,IHOO1
HCl,C2H6
HCl,MOH
HCl,HO2
HCl,HO2
HCl,HO2
HCl,HO2
HCl,HO2
HCl,HO2
HCl,HO2
HCl,C3H8
HCl,C3H8
HCl,CO2
HCl,CO2
HCl,MP
HCl,HNO2
HCl,HCOOH
HCl,SALACL
SALACL,HOI
SALACL,OH
SALACL,IONO
SALACL,ClNO3
SALACL,N2O5
SALACL,IONO2
SALACL,H2O
SALACL,H2O
SALACL,HOBr
SALACL,Cl2
SALACL,Cl2
SALACL,Cl2
SALACL,Cl2
SALACL,HNO2
SALACL,HNO2
SALACL,ClNO2
SALACL,ClNO2
SALACL,ICl
SALACL,ICl
SALACL,ICl
SALACL,BrCl
SALACL,HNO3
SALACL,HNO3
SALACL,HNO3
SALACL,HOCl
NIT,NO3
NIT,HNO2
NIT,NO2
NIT,HNO3
HNO3,HOI
HNO3,OH
HNO3,OH
HNO3,OH
HNO3,OH
HNO3,RCO3
HNO3,RCHO
HNO3,AROMP4
HNO3,AROMP4
HNO3,ALK4
HNO3,HBr
HNO3,MCO3
HNO3,MCO3
HNO3,MCO3
HNO3,BALD
HNO3,MONITA
HNO3,AROMRO2
HNO3,AROMRO2
HNO3,SALCCL
HNO3,SALCCL
HNO3,SALCCL
HNO3,MCT
HNO3,HOBr
HNO3,BrCl
HNO3,BrCl
HNO3,BrCl
HNO3,BrCl
HNO3,BrNO3
HNO3,BrNO3
HNO3,SALCAL
HNO3,BZCO3
HNO3,PHEN
HNO3,KO2
HNO3,ETO2
HNO3,MO2
HNO3,ClNO3
HNO3,ClNO3
HNO3,ClNO3
HNO3,ClNO3
HNO3,ClNO3
HNO3,ClNO3
HNO3,ClNO3
HNO3,R4O2
HNO3,CH2O
HNO3,CH2O
HNO3,N2O5
HNO3,N2O5
HNO3,N2O5
HNO3,N2O5
HNO3,N2O5
HNO3,H2O
HNO3,H2O
HNO3,H2O
HNO3,H2O
HNO3,H2O
HNO3,NITs
HNO3,NPHEN
HNO3,NPHEN
HNO3,NPHEN
HNO3,NPHEN
HNO3,CSL
HNO3,IONO2
HNO3,IONO2
HNO3,IONO2
HNO3,IONO2
HNO3,IONO2
HNO3,PCO
HNO3,PCO
HNO3,PCO
HNO3,PCO
HNO3,CO
HNO3,CO
HNO3,CO
HNO3,CO
HNO3,HOCl
HNO3,MACR1OO
HNO3,ALD2
HNO3,IONITA
HNO3,DMS
HNO3,NO3
HNO3,NO3
HNO3,NO3
HNO3,NO3
HNO3,NO3
HNO3,NO3
HNO3,NO3
HNO3,NO3
HNO3,NO3
HNO3,NO3
HNO3,NO3
HNO3,NO3
HNO3,NO3
HNO3,NO3
HNO3,NO3
HNO3,NO3
HNO3,NO3
HNO3,NO3
HNO3,AROMP5
HNO3,Cl2
HNO3,Cl2
HNO3,Cl2
HNO3,BENZO
HNO3,BENZO
HNO3,BENZO
HNO3,ClNO2
HNO3,ClNO2
HNO3,ClNO2
HNO3,MACR
HNO3,C2H6
HNO3,HO2
HNO3,HO2
HNO3,MGLY
HNO3,ETHLN
HNO3,BrSALA
HNO3,BrSALA
HNO3,IBr
HNO3,IBr
HNO3,HNO2
HNO3,INDIOL
HNO3,INDIOL
HNO3,PROPNN
HNO3,BrSALC
HNO3,BrSALC
HNO3,R4N1
HNO3,NO2
HNO3,NO2
HNO3,NO2
HNO3,NO2
HNO3,NO2
HNO3,MEK
HNO3,GLYX
HNO3,ICl
HNO3,ICl
SO4s,SALCAL
SO4s,HBr
SO4s,HOBr
SO4s,HOCl
SALCAL,NITs
SALCAL,SALCCL
SALCCL,HOI
SALCCL,OH
SALCCL,IONO
SALCCL,ClNO3
SALCCL,HOCl
SALCCL,N2O5
SALCCL,IONO2
SALCCL,H2O
SALCCL,H2O
SALCCL,HOBr
SALCCL,Cl2
SALCCL,Cl2
SALCCL,Cl2
SALCCL,Cl2
SALCCL,HNO2
SALCCL,HNO2
SALCCL,ClNO2
SALCCL,ClNO2
SALCCL,ICl
SALCCL,ICl
SALCCL,ICl
SALCCL,BrCl
NITs,NO3
NITs,HNO2
NITs,NO2
H2O2,OH
H2O2,OH
H2O2,OH
H2O2,OH
H2O2,OH
H2O2,OH
H2O2,OH
H2O2,OH
H2O2,OH
H2O2,RCHO
H2O2,RCHO
H2O2,MCO3
H2O2,PYAC
H2O2,Cl
H2O2,KO2
H2O2,KO2
H2O2,KO2
H2O2,MVK
H2O2,MVK
H2O2,ISOP
H2O2,MO2
H2O2,CH2O
H2O2,CH2O
H2O2,CH2O
H2O2,CH2O
H2O2,CH2O
H2O2,H2O
H2O2,H2O
H2O2,H2O
H2O2,H2O
H2O2,PRPE
H2O2,MTPA
H2O2,MTPO
H2O2,PCO
H2O2,PCO
H2O2,PCO
H2O2,PCO
H2O2,PCO
H2O2,CO
H2O2,CO
H2O2,CO
H2O2,CO
H2O2,CO
H2O2,OTHRO2
H2O2,HMHP
H2O2,HMHP
H2O2,PH2O2
H2O2,PH2O2
H2O2,PH2O2
H2O2,PH2O2
H2O2,PH2O2
H2O2,PH2O2
H2O2,PH2O2
H2O2,PH2O2
H2O2,PH2O2
H2O2,PH2O2
H2O2,ALD2
H2O2,O
H2O2,MACR
H2O2,MACR
H2O2,HO2
H2O2,HO2
H2O2,HO2
H2O2,HO2
H2O2,HO2
H2O2,HO2
H2O2,HO2
H2O2,HO2
H2O2,HO2
H2O2,MGLY
H2O2,CO2
H2O2,LIMO
H2O2,HCOOH
H2O2,HCOOH
H2O2,HCOOH
H2O2,CH2OO
H2O2,CH2OO
H2O2,CH2OO
H2O2,CH2OO
H2O2,CH3CHOO
H2O2,MEK
H2O2,MEK
HMS,OH
HMS,CH2O
HMS,CH2O
HMS,CH2O
CH2O,IHPOO2
CH2O,IHPOO2
CH2O,IHPOO2
CH2O,PYAC
CH2O,PYAC
CH2O,AROMRO2
CH2O,INO2D
CH2O,INO2D
CH2O,ACET
CH2O,ACET
CH2O,ACET
CH2O,HMML
CH2O,ClO
CH2O,ClO
CH2O,MENO3
CH2O,MENO3
CH2O,ATOOH
CH2O,ATOOH
CH2O,ATOOH
CH2O,ATOOH
CH2O,ATOOH
CH2O,ATOOH
CH2O,ATOOH
CH2O,ATOOH
CH2O,ATOOH
CH2O,ATOOH
CH2O,ATOOH
CH2O,ATOOH
CH2O,MVKHP
CH2O,MVKHP
CH2O,MVKHP
CH2O,MVKHP
CH2O,MVKHP
CH2O,MVKHP
CH2O,MVKHP
CH2O,MVKHP
CH2O,HAC
CH2O,HAC
CH2O,HAC
CH2O,HAC
CH2O,HAC
CH2O,HAC
CH2O,HAC
CH2O,HAC
CH2O,HAC
CH2O,HAC
CH2O,HAC
CH2O,HAC
CH2O,HAC
CH2O,HAC
CH2O,HAC
CH2O,HAC
CH2O,HAC
CH2O,HAC
CH2O,HAC
CH2O,HAC
CH2O,HAC
CH2O,HAC
CH2O,HAC
CH2O,HAC
CH2O,HAC
CH2O,HAC
CH2O,MCRHNB
CH2O,MCRHNB
CH2O,MCRHNB
CH2O,MCRHNB
CH2O,MCRHNB
CH2O,MCRHNB
CH2O,MCRHNB
CH2O,MCRHNB
CH2O,MCRHNB
CH2O,MACR1OOH
CH2O,MACR1OOH
CH2O,MACR1OOH
CH2O,MCRDH
CH2O,H2O
CH2O,H2O
CH2O,H2O
CH2O,H2O
CH2O,H2O
CH2O,IDHNBOO
CH2O,IDHNBOO
CH2O,IDHNBOO
CH2O,INA
CH2O,INA
CH2O,INA
CH2O,ClOO
CH2O,INO2B
CH2O,INO2B
CH2O,INO2B
CH2O,INO2B
CH2O,INO2B
CH2O,INO2B
CH2O,INO2B
CH2O,CO
CH2O,CO
CH2O,CO
CH2O,CO
CH2O,CO
CH2O,CO
CH2O,CO
CH2O,CO
CH2O,CO
CH2O,CO
CH2O,CO
CH2O,CO
CH2O,CO
CH2O,CO
CH2O,CO
CH2O,CO
CH2O,CO
CH2O,CO
CH2O,CO
CH2O,CO
CH2O,CO
CH2O,CO
CH2O,CO
CH2O,CO
CH2O,CO
CH2O,CO
CH2O,CO
CH2O,CO
CH2O,CO
CH2O,CO
CH2O,CO
CH2O,CO
CH2O,CO
CH2O,CO
CH2O,CO
CH2O,CO
CH2O,CO
CH2O,CO
CH2O,CO
CH2O,CO
CH2O,CO
CH2O,CO
CH2O,CO
CH2O,OTHRO2
CH2O,OTHRO2
CH2O,OTHRO2
CH2O,OTHRO2
CH2O,O1D
CH2O,O1D
CH2O,LISOPOH
CH2O,LISOPOH
CH2O,A3O2
CH2O,A3O2
CH2O,A3O2
CH2O,ICN
CH2O,ICN
CH2O,ICN
CH2O,ICN
CH2O,ICN
CH2O,ITCN
CH2O,CO2
CH2O,CO2
CH2O,CO2
CH2O,CO2
CH2O,CO2
CH2O,CO2
CH2O,CO2
CH2O,CO2
CH2O,CO2
CH2O,ETHLN
CH2O,ETHLN
CH2O,ETHLN
CH2O,ETHLN
CH2O,ETHLN
CH2O,ETHLN
CH2O,ETHLN
CH2O,ETHLN
CH2O,ETHLN
CH2O,ETHLN
CH2O,ETHLN
CH2O,LIMO
CH2O,R4N1
CH2O,R4N1
CH2O,R4N1
CH2O,CH2OO
CH2O,CH2OO
CH2O,CH2OO
CH2O,CH2OO
CH2O,CH2OO
CH2O,CH2OO
CH2O,CH2OO
CH2O,CH2OO
CH2O,CH2OO
CH2O,CH2OO
CH2O,CH2OO
CH2O,CH2OO
CH2O,ISOPNOO2
CH2O,ISOPNOO2
CH2O,NO2
CH2O,NO2
CH2O,NO2
CH2O,NO2
CH2O,NO2
CH2O,NO2
CH2O,NO2
CH2O,NO2
CH2O,NO2
CH2O,NO2
CH2O,NO2
CH2O,NO2
CH2O,NO2
CH2O,NO2
CH2O,NO2
CH2O,NO2
CH2O,NO2
CH2O,NO2
CH2O,NO2
CH2O,NO2
CH2O,NO2
CH2O,NO2
CH2O,NO2
CH2O,NO2
CH2O,NO2
CH2O,NO2
CH2O,NO2
CH2O,NO2
CH2O,NO2
CH2O,NO2
CH2O,NO2
CH2O,NO2
CH2O,NO2
CH2O,NO2
CH2O,NO2
CH2O,NO2
CH2O,NO2
CH2O,NO2
CH2O,NO2
CH2O,NO2
CH2O,NO2
CH2O,NO2
CH2O,NO2
CH2O,NO2
CH2O,NO2
CH2O,NO2
CH2O,NO2
CH2O,NO2
CH2O,NO2
CH2O,NO2
CH2O,NO2
CH2O,NO2
CH2O,NO2
CH2O,NO2
CH2O,NO2
CH2O,NO2
CH2O,NO2
CH2O,NO2
CH2O,MEK
CH2O,MEK
CH2O,MEK
CH2O,MEK
CH2O,MEK
CH2O,MEK
CH2O,MEK
CH2O,MEK
CH2O,MEK
CH2O,MEK
CH2O,MEK
CH2O,ISOPNOO1
CH2O,ISOPNOO1
CH2O,OH
CH2O,OH
CH2O,OH
CH2O,OH
CH2O,OH
CH2O,OH
CH2O,OH
CH2O,OH
CH2O,OH
CH2O,OH
CH2O,OH
CH2O,OH
CH2O,OH
CH2O,OH
CH2O,OH
CH2O,OH
CH2O,OH
CH2O,OH
CH2O,OH
CH2O,OH
CH2O,OH
CH2O,OH
CH2O,OH
CH2O,OH
CH2O,OH
CH2O,OH
CH2O,OH
CH2O,OH
CH2O,OH
CH2O,OH
CH2O,OH
CH2O,OH
CH2O,OH
CH2O,OH
CH2O,OH
CH2O,OH
CH2O,OH
CH2O,OH
CH2O,OH
CH2O,OH
CH2O,OH
CH2O,OH
CH2O,OH
CH2O,OH
CH2O,OH
CH2O,OH
CH2O,OH
CH2O,OH
CH2O,OH
CH2O,OH
CH2O,OH
CH2O,OH
CH2O,OH
CH2O,OH
CH2O,OH
CH2O,OH
CH2O,OH
CH2O,OH
CH2O,OH
CH2O,OH
CH2O,OH
CH2O,OH
CH2O,OH
CH2O,OH
CH2O,OH
CH2O,OH
CH2O,OH
CH2O,OH
CH2O,RCHO
CH2O,RCHO
CH2O,RCHO
CH2O,RCHO
CH2O,RCHO
CH2O,RCHO
CH2O,RCHO
CH2O,RCHO
CH2O,RCHO
CH2O,RCHO
CH2O,RCHO
CH2O,RCHO
CH2O,RCHO
CH2O,RCHO
CH2O,RCHO
CH2O,RCHO
CH2O,RIPB
CH2O,RIPB
CH2O,INPB
CH2O,INPB
CH2O,INPB
CH2O,INPB
CH2O,INPB
CH2O,BZCO3
CH2O,ETO2
CH2O,KO2
CH2O,KO2
CH2O,ISOP
CH2O,ISOP
CH2O,ISOP
CH2O,ETHP
CH2O,PRPE
CH2O,PRPE
CH2O,PRPE
CH2O,PRPE
CH2O,PRPE
CH2O,PRPE
CH2O,IDC
CH2O,IDC
CH2O,MCRHN
CH2O,MCRHN
CH2O,MCRHN
CH2O,ROH
CH2O,ROH
CH2O,ROH
CH2O,ROH
CH2O,ROH
CH2O,ROH
CH2O,ROH
CH2O,ROH
CH2O,ROH
CH2O,ROH
CH2O,MCRHP
CH2O,MCRHP
CH2O,MCRHP
CH2O,MCRHP
CH2O,MCRHP
CH2O,MCRHP
CH2O,MCRHP
CH2O,MCRHP
CH2O,MCRHP
CH2O,MVKHC
CH2O,MVKHC
CH2O,MVKHC
CH2O,MVKHC
CH2O,MONITU
CH2O,MONITU
CH2O,MONITU
CH2O,MONITU
CH2O,MONITU
CH2O,MONITU
CH2O,PIO2
CH2O,PIO2
CH2O,PCO
CH2O,PCO
CH2O,PCO
CH2O,PCO
CH2O,PCO
CH2O,PCO
CH2O,PCO
CH2O,PCO
CH2O,PCO
CH2O,PCO
CH2O,PCO
CH2O,PCO
CH2O,PCO
CH2O,PCO
CH2O,PCO
CH2O,PCO
CH2O,PCO
CH2O,PCO
CH2O,PCO
CH2O,PCO
CH2O,PCO
CH2O,PCO
CH2O,PCO
CH2O,PCO
CH2O,PCO
CH2O,PCO
CH2O,PCO
CH2O,PCO
CH2O,PCO
CH2O,PCO
CH2O,PCO
CH2O,PCO
CH2O,PCO
CH2O,PCO
CH2O,PCO
CH2O,PCO
CH2O,PCO
CH2O,PCO
CH2O,PCO
CH2O,PCO
CH2O,PCO
CH2O,PCO
CH2O,NO
CH2O,NO
CH2O,NO
CH2O,NO
CH2O,NO
CH2O,NO
CH2O,NO
CH2O,NO
CH2O,NO
CH2O,NO
CH2O,NO
CH2O,NO
CH2O,NO
CH2O,NO
CH2O,NO
CH2O,NO
CH2O,NO
CH2O,NO
CH2O,NO
CH2O,NO
CH2O,NO
CH2O,NO
CH2O,NO
CH2O,NO
CH2O,NO
CH2O,PP
CH2O,HPETHNL
CH2O,HPETHNL
CH2O,HPETHNL
CH2O,HPETHNL
CH2O,HPETHNL
CH2O,HPETHNL
CH2O,HPETHNL
CH2O,HPETHNL
CH2O,HPETHNL
CH2O,HPETHNL
CH2O,HPETHNL
CH2O,HPETHNL
CH2O,LCH4
CH2O,LCH4
CH2O,NO3
CH2O,NO3
CH2O,NO3
CH2O,NO3
CH2O,NO3
CH2O,NO3
CH2O,NO3
CH2O,NO3
CH2O,MCRENOL
CH2O,CH4
CH2O,CH4
CH2O,CH4
CH2O,IHOO1
CH2O,IHOO1
CH2O,IHOO1
CH2O,IHOO1
CH2O,IHOO1
CH2O,IHOO1
CH2O,IHOO1
CH2O,IHOO1
CH2O,IHOO1
CH2O,ETO
CH2O,ETO
CH2O,IHPNBOO
CH2O,IHPNBOO
CH2O,HPALD1
CH2O,HPALD1
CH2O,HPALD1
CH2O,HPALD1
CH2O,PROPNN
CH2O,PROPNN
CH2O,PROPNN
CH2O,PROPNN
CH2O,PROPNN
CH2O,PROPNN
CH2O,PROPNN
CH2O,PROPNN
CH2O,PROPNN
CH2O,IHN3
CH2O,IDN
CH2O,CH3CHOO
CH2O,C2H4
CH2O,RCO3
CH2O,RCO3
CH2O,MCO3
CH2O,MCO3
CH2O,MCO3
CH2O,MCO3
CH2O,MCO3
CH2O,MCO3
CH2O,MCO3
CH2O,MCO3
CH2O,MCO3
CH2O,MCO3
CH2O,MCO3
CH2O,MCO3
CH2O,MCO3
CH2O,MCO3
CH2O,MCO3
CH2O,MCO3
CH2O,MCO3
CH2O,MCO3
CH2O,MCO3
CH2O,MCO3
CH2O,MCO3
CH2O,MCO3
CH2O,MCO3
CH2O,MCO3
CH2O,MCO3
CH2O,MCO3
CH2O,MCO3
CH2O,MCO3
CH2O,MCO3
CH2O,MCO3
CH2O,MCO3
CH2O,MCO3
CH2O,MCO3
CH2O,ICHOO
CH2O,ICHOO
CH2O,EOH
CH2O,EOH
CH2O,LCO
CH2O,OLND
CH2O,OLND
CH2O,OLND
CH2O,OLND
CH2O,OLND
CH2O,OLND
CH2O,PO2
CH2O,PO2
CH2O,PO2
CH2O,LVOC
CH2O,LVOC
CH2O,IHOO4
CH2O,IHOO4
CH2O,IHOO4
CH2O,IHOO4
CH2O,IHOO4
CH2O,IHOO4
CH2O,IHOO4
CH2O,IHOO4
CH2O,IHOO4
CH2O,MVK
CH2O,MVK
CH2O,MVK
CH2O,MVK
CH2O,MVK
CH2O,MVK
CH2O,MVK
CH2O,MVK
CH2O,MVK
CH2O,MVK
CH2O,MVK
CH2O,MVK
CH2O,MVK
CH2O,MVK
CH2O,MVK
CH2O,MVK
CH2O,MVK
CH2O,MVK
CH2O,MVK
CH2O,MVK
CH2O,MVK
CH2O,BENZO2
CH2O,BENZO2
CH2O,ICNOO
CH2O,R4O2
CH2O,R4O2
CH2O,R4O2
CH2O,HPALD4
CH2O,HPALD4
CH2O,HPALD4
CH2O,B3O2
CH2O,B3O2
CH2O,B3O2
CH2O,IDHDP
CH2O,IDHDP
CH2O,POx
CH2O,IHPNDOO
CH2O,IHPNDOO
CH2O,HMHP
CH2O,HMHP
CH2O,HMHP
CH2O,HMHP
CH2O,PH2O2
CH2O,PH2O2
CH2O,PH2O2
CH2O,PH2O2
CH2O,PH2O2
CH2O,MVKOHOO
CH2O,MVKOHOO
CH2O,MACR
CH2O,MACR
CH2O,MACR
CH2O,MACR
CH2O,MACR
CH2O,MACR
CH2O,MACR
CH2O,MACR
CH2O,MACR
CH2O,MACR
CH2O,MACR
CH2O,MACR
CH2O,MACR
CH2O,MACR
CH2O,MACR
CH2O,MACR
CH2O,MACR
CH2O,MACR
CH2O,MACR
CH2O,MACR
CH2O,MACR
CH2O,MACR
CH2O,MACR
CH2O,MACR
CH2O,MACR
CH2O,ITHN
CH2O,ITHN
CH2O,ITHN
CH2O,ITHN
CH2O,ITHN
CH2O,ITHN
CH2O,ITHN
CH2O,ITHN
CH2O,ITHN
CH2O,ITHN
CH2O,HPALD2OO
CH2O,MOH
CH2O,MOH
CH2O,MOH
CH2O,MOH
CH2O,MOH
CH2O,MOH
CH2O,MOH
CH2O,MOH
CH2O,MOH
CH2O,MOH
CH2O,MOH
CH2O,MOH
CH2O,MOH
CH2O,MOH
CH2O,MOH
CH2O,MOH
CH2O,MOH
CH2O,MOH
CH2O,MOH
CH2O,MOH
CH2O,MOH
CH2O,IDHNDOO2
CH2O,IDHNDOO2
CH2O,IHPOO1
CH2O,IHPOO1
CH2O,IHPOO1
CH2O,Br
CH2O,ICHE
CH2O,ICHE
CH2O,ICHE
CH2O,IHN1
CH2O,IHN1
CH2O,IDHNDOO1
CH2O,IDHNDOO1
CH2O,OLNN
CH2O,OLNN
CH2O,MVKHCB
CH2O,MVKHCB
CH2O,HPALD1OO
CH2O,IHN4
CH2O,ICPDH
CH2O,ICPDH
CH2O,RIPA
CH2O,RIPA
CH2O,HBr
CH2O,PRN1
CH2O,PRN1
CH2O,PRN1
CH2O,LIMO2
CH2O,LIMO2
CH2O,LIMO2
CH2O,LIMO2
CH2O,Cl
CH2O,Cl
CH2O,Cl
CH2O,MO2
CH2O,MO2
CH2O,MO2
CH2O,MO2
CH2O,MO2
CH2O,MO2
CH2O,MO2
CH2O,MO2
CH2O,MO2
CH2O,MO2
CH2O,MO2
CH2O,MO2
CH2O,MO2
CH2O,MO2
CH2O,MO2
CH2O,MO2
CH2O,MO2
CH2O,MO2
CH2O,MO2
CH2O,MO2
CH2O,MO2
CH2O,MO2
CH2O,MO2
CH2O,MO2
CH2O,MO2
CH2O,MO2
CH2O,MO2
CH2O,MO2
CH2O,MO2
CH2O,MO2
CH2O,MO2
CH2O,MO2
CH2O,MO2
CH2O,MO2
CH2O,MO2
CH2O,MO2
CH2O,MO2
CH2O,MO2
CH2O,MO2
CH2O,MO2
CH2O,MO2
CH2O,MO2
CH2O,MO2
CH2O,MO2
CH2O,MO2
CH2O,MO2
CH2O,MO2
CH2O,MO2
CH2O,MO2
CH2O,MO2
CH2O,MO2
CH2O,GLYC
CH2O,GLYC
CH2O,GLYC
CH2O,GLYC
CH2O,GLYC
CH2O,GLYC
CH2O,GLYC
CH2O,GLYC
CH2O,GLYC
CH2O,GLYC
CH2O,GLYC
CH2O,GLYC
CH2O,GLYC
CH2O,GLYC
CH2O,GLYC
CH2O,GLYC
CH2O,GLYC
CH2O,GLYC
CH2O,GLYC
CH2O,GLYC
CH2O,H
CH2O,H
CH2O,ACTA
CH2O,HPALD2
CH2O,HPALD2
CH2O,HPALD2
CH2O,HPALD2
CH2O,ETOO
CH2O,MACR1OO
CH2O,MACR1OO
CH2O,MACR1OO
CH2O,MONITS
CH2O,MONITS
CH2O,MONITS
CH2O,MONITS
CH2O,MONITS
CH2O,ALD2
CH2O,ALD2
CH2O,ALD2
CH2O,ALD2
CH2O,ALD2
CH2O,ALD2
CH2O,ALD2
CH2O,ALD2
CH2O,ALD2
CH2O,ALD2
CH2O,ALD2
CH2O,ALD2
CH2O,ALD2
CH2O,ALD2
CH2O,ALD2
CH2O,ALD2
CH2O,DMS
CH2O,DMS
CH2O,O
CH2O,ATO2
CH2O,ATO2
CH2O,ATO2
CH2O,ATO2
CH2O,MVKN
CH2O,MVKN
CH2O,MVKN
CH2O,MVKN
CH2O,MVKN
CH2O,MVKN
CH2O,MVKN
CH2O,MVKN
CH2O,MVKN
CH2O,MVKN
CH2O,MVKN
CH2O,MVKN
CH2O,IHN2
CH2O,HPALD3
CH2O,HPALD3
CH2O,HPALD3
CH2O,RIPC
CH2O,BENZO
CH2O,MPN
CH2O,HC5A
CH2O,HC5A
CH2O,HC5A
CH2O,HC5A
CH2O,RIPD
CH2O,MCROHOO
CH2O,MCROHOO
CH2O,HO2
CH2O,HO2
CH2O,HO2
CH2O,HO2
CH2O,HO2
CH2O,HO2
CH2O,HO2
CH2O,HO2
CH2O,HO2
CH2O,HO2
CH2O,HO2
CH2O,HO2
CH2O,HO2
CH2O,HO2
CH2O,HO2
CH2O,HO2
CH2O,HO2
CH2O,HO2
CH2O,HO2
CH2O,HO2
CH2O,HO2
CH2O,HO2
CH2O,HO2
CH2O,HO2
CH2O,HO2
CH2O,HO2
CH2O,HO2
CH2O,HO2
CH2O,HO2
CH2O,HO2
CH2O,HO2
CH2O,HO2
CH2O,HO2
CH2O,HO2
CH2O,HO2
CH2O,HO2
CH2O,HO2
CH2O,HO2
CH2O,HO2
CH2O,HO2
CH2O,HO2
CH2O,HO2
CH2O,HO2
CH2O,HO2
CH2O,HO2
CH2O,HO2
CH2O,HO2
CH2O,HO2
CH2O,HO2
CH2O,HO2
CH2O,HO2
CH2O,HO2
CH2O,HO2
CH2O,HO2
CH2O,HO2
CH2O,HO2
CH2O,HO2
CH2O,HO2
CH2O,HO2
CH2O,HO2
CH2O,HO2
CH2O,HO2
CH2O,HO2
CH2O,HO2
CH2O,HO2
CH2O,HO2
CH2O,HO2
CH2O,HO2
CH2O,HO2
CH2O,HO2
CH2O,HO2
CH2O,HO2
CH2O,HO2
CH2O,HO2
CH2O,HO2
CH2O,HO2
CH2O,HO2
CH2O,HO2
CH2O,HO2
CH2O,HO2
CH2O,HO2
CH2O,HO2
CH2O,HO2
CH2O,HO2
CH2O,HO2
CH2O,HO2
CH2O,HO2
CH2O,HO2
CH2O,HO2
CH2O,HO2
CH2O,HO2
CH2O,HO2
CH2O,HO2
CH2O,HO2
CH2O,HO2
CH2O,HO2
CH2O,HO2
CH2O,HO2
CH2O,HO2
CH2O,HO2
CH2O,HO2
CH2O,HO2
CH2O,HO2
CH2O,HO2
CH2O,HO2
CH2O,HO2
CH2O,HO2
CH2O,HO2
CH2O,HO2
CH2O,HO2
CH2O,HO2
CH2O,HO2
CH2O,HO2
CH2O,HO2
CH2O,HO2
CH2O,HO2
CH2O,HO2
CH2O,HO2
CH2O,HO2
CH2O,HO2
CH2O,HO2
CH2O,HO2
CH2O,HO2
CH2O,MGLY
CH2O,MGLY
CH2O,MGLY
CH2O,MGLY
CH2O,MGLY
CH2O,MGLY
CH2O,MGLY
CH2O,MGLY
CH2O,MGLY
CH2O,MGLY
CH2O,MGLY
CH2O,MGLY
CH2O,MGLY
CH2O,MGLY
CH2O,MGLY
CH2O,MGLY
CH2O,MGLY
CH2O,MGLY
CH2O,MGLY
CH2O,MGLY
CH2O,IEPOXD
CH2O,IEPOXD
CH2O,MP
CH2O,MP
CH2O,HCOOH
CH2O,HCOOH
CH2O,HCOOH
CH2O,HCOOH
CH2O,HCOOH
CH2O,HCOOH
CH2O,HCOOH
CH2O,MACRNO2
CH2O,GLYX
CH2O,GLYX
CH2O,GLYX
OH,NRO2
OH,ALK4
OH,IEPOXA
OH,IEPOXA
OH,IEPOXA
OH,IEPOXA
OH,IEPOXA
OH,IEPOXA
OH,NPRNO3
OH,IHPOO2
OH,IHPOO2
OH,IHPOO2
OH,IHPOO2
OH,PYAC
OH,PYAC
OH,PYAC
OH,PYAC
OH,PYAC
OH,AROMRO2
OH,AROMRO2
OH,AROMRO2
OH,AROMRO2
OH,AROMRO2
OH,AROMRO2
OH,AROMRO2
OH,INO2D
OH,ACET
OH,ACET
OH,ACET
OH,ACET
OH,HOBr
OH,HOBr
OH,HOBr
OH,HMML
OH,HMML
OH,HMML
OH,CH3Br
OH,ClO
OH,ClO
OH,ClO
OH,ClO
OH,ClO
OH,MENO3
OH,ATOOH
OH,ATOOH
OH,ATOOH
OH,ATOOH
OH,ATOOH
OH,ATOOH
OH,ATOOH
OH,ATOOH
OH,ATOOH
OH,ATOOH
OH,ATOOH
OH,ATOOH
OH,ATOOH
OH,ATOOH
OH,ATOOH
OH,ATOOH
OH,OClO
OH,HAC
OH,HAC
OH,HAC
OH,HAC
OH,HAC
OH,HAC
OH,HAC
OH,HAC
OH,HAC
OH,HAC
OH,HAC
OH,HAC
OH,HAC
OH,HAC
OH,HAC
OH,HAC
OH,HAC
OH,HAC
OH,HAC
OH,HAC
OH,HAC
OH,HAC
OH,HAC
OH,HAC
OH,HAC
OH,HAC
OH,HAC
OH,HAC
OH,HAC
OH,MVKHP
OH,MVKHP
OH,MVKHP
OH,MVKHP
OH,MVKHP
OH,MVKHP
OH,MVKHP
OH,MVKHP
OH,MVKHP
OH,MVKHP
OH,MVKHP
OH,MVKHP
OH,MVKHP
OH,MVKHP
OH,MVKHP
OH,MVKHP
OH,MVKHP
OH,ClNO3
OH,I
OH,I
OH,I
OH,I
OH,MCRDH
OH,MCRDH
OH,MCRDH
OH,MCRDH
OH,MCRDH
OH,MCRDH
OH,CHCl3
OH,MCRHNB
OH,MCRHNB
OH,MCRHNB
OH,MCRHNB
OH,MCRHNB
OH,MCRHNB
OH,MCRHNB
OH,MCRHNB
OH,MCRHNB
OH,MCRHNB
OH,MCRHNB
OH,MACR1OOH
OH,MACR1OOH
OH,MACR1OOH
OH,H2O
OH,H2O
OH,H2O
OH,H2O
OH,H2O
OH,H2O
OH,H2O
OH,H2O
OH,H2O
OH,H2O
OH,H2O
OH,H2O
OH,H2O
OH,H2O
OH,H2O
OH,H2O
OH,H2O
OH,H2O
OH,H2O
OH,H2O
OH,H2O
OH,H2O
OH,H2O
OH,H2O
OH,H2O
OH,H2O
OH,H2O
OH,H2O
OH,H2O
OH,H2O
OH,H2O
OH,H2O
OH,H2O
OH,H2O
OH,H2O
OH,IDHNBOO
OH,IDHNBOO
OH,IDHNBOO
OH,INA
OH,ClOO
OH,CH2Br2
OH,MTPO
OH,MTPO
OH,INO2B
OH,INO2B
OH,C4HVP2
OH,C4HVP2
OH,C4HVP2
OH,CO
OH,CO
OH,CO
OH,CO
OH,CO
OH,CO
OH,CO
OH,CO
OH,CO
OH,CO
OH,CO
OH,CO
OH,CO
OH,CO
OH,CO
OH,CO
OH,CO
OH,CO
OH,CO
OH,CO
OH,CO
OH,CO
OH,CO
OH,CO
OH,CO
OH,CO
OH,CO
OH,CO
OH,CO
OH,CO
OH,CO
OH,CO
OH,CO
OH,CO
OH,CO
OH,CO
OH,CO
OH,CO
OH,CO
OH,CO
OH,CO
OH,CO
OH,CO
OH,CO
OH,CO
OH,CO
OH,CO
OH,CO
OH,CO
OH,CO
OH,CO
OH,CO
OH,CO
OH,CO
OH,CO
OH,CO
OH,CO
OH,CO
OH,CO
OH,CO
OH,CO
OH,CO
OH,CO
OH,CO
OH,CO
OH,CO
OH,CO
OH,CO
OH,CO
OH,CO
OH,CO
OH,CO
OH,CO
OH,CO
OH,CO
OH,CO
OH,CO
OH,CO
OH,CO
OH,CO
OH,CO
OH,CO
OH,CO
OH,CO
OH,CO
OH,CO
OH,CO
OH,CO
OH,CO
OH,OTHRO2
OH,OTHRO2
OH,OTHRO2
OH,O1D
OH,O1D
OH,O1D
OH,O1D
OH,O1D
OH,LISOPOH
OH,LISOPOH
OH,LISOPOH
OH,LISOPOH
OH,HCFC142b
OH,Cl2
OH,Cl2
OH,Cl2
OH,A3O2
OH,A3O2
OH,A3O2
OH,BZCO3H
OH,BZCO3H
OH,BZCO3H
OH,ICN
OH,ICN
OH,ICN
OH,ICN
OH,ICN
OH,ICN
OH,ICN
OH,ETNO3
OH,C2H6
OH,ITCN
OH,ITCN
OH,ITCN
OH,ITCN
OH,ITCN
OH,CO2
OH,CO2
OH,CO2
OH,CO2
OH,CO2
OH,CO2
OH,CO2
OH,CO2
OH,CO2
OH,CO2
OH,CO2
OH,CO2
OH,CO2
OH,CO2
OH,CO2
OH,CO2
OH,CO2
OH,CO2
OH,CO2
OH,CO2
OH,CO2
OH,CO2
OH,CO2
OH,CO2
OH,CO2
OH,CO2
OH,CO2
OH,ETHLN
OH,ETHLN
OH,ETHLN
OH,ETHLN
OH,ETHLN
OH,ETHLN
OH,ETHLN
OH,ETHLN
OH,ETHLN
OH,ETHLN
OH,ETHLN
OH,LIMO
OH,LIMO
OH,HNO2
OH,HNO2
OH,HNO2
OH,R4N1
OH,R4N1
OH,CH2OO
OH,CH2OO
OH,CH2OO
OH,CH2OO
OH,R4P
OH,R4P
OH,NO2
OH,NO2
OH,NO2
OH,NO2
OH,NO2
OH,NO2
OH,NO2
OH,NO2
OH,NO2
OH,NO2
OH,NO2
OH,NO2
OH,NO2
OH,NO2
OH,NO2
OH,NO2
OH,NO2
OH,NO2
OH,NO2
OH,NO2
OH,NO2
OH,NO2
OH,NO2
OH,NO2
OH,NO2
OH,NO2
OH,NO2
OH,NO2
OH,NO2
OH,NO2
OH,NO2
OH,NO2
OH,NO2
OH,NO2
OH,NO2
OH,NO2
OH,NO2
OH,NO2
OH,NO2
OH,NO2
OH,NO2
OH,NO2
OH,NO2
OH,NO2
OH,NO2
OH,NO2
OH,NO2
OH,NO2
OH,ISOPNOO2
OH,ISOPNOO2
OH,ETHN
OH,MEK
OH,MEK
OH,MEK
OH,MEK
OH,ISOPNOO1
OH,ISOPNOO1
OH,C2H2
OH,BENZ
OH,RCHO
OH,RCHO
OH,RCHO
OH,RCHO
OH,RCHO
OH,RCHO
OH,RCHO
OH,RCHO
OH,RCHO
OH,RCHO
OH,RCHO
OH,RCHO
OH,RIPB
OH,RIPB
OH,RIPB
OH,RIPB
OH,RIPB
OH,AROMP4
OH,AROMP4
OH,AROMP4
OH,AROMP4
OH,AROMP4
OH,AROMP4
OH,AROMP4
OH,AROMP4
OH,AROMP4
OH,HONIT
OH,HONIT
OH,HONIT
OH,INPB
OH,INPB
OH,INPB
OH,INPB
OH,INPB
OH,ETP
OH,ETP
OH,MCT
OH,MCT
OH,MCT
OH,MCT
OH,BZCO3
OH,BZCO3
OH,BZCO3
OH,PHEN
OH,PHEN
OH,MSA
OH,IPRNO3
OH,ETO2
OH,KO2
OH,KO2
OH,KO2
OH,KO2
OH,KO2
OH,ISOP
OH,ISOP
OH,ISOP
OH,ISOP
OH,ISOP
OH,TOLU
OH,ETHP
OH,ETHP
OH,ETHP
OH,PRPE
OH,PRPE
OH,PRPE
OH,IDC
OH,IDC
OH,IDC
OH,IDC
OH,IDC
OH,IDC
OH,MCRHN
OH,MCRHN
OH,MCRHN
OH,MCRHN
OH,RA3P
OH,RA3P
OH,ROH
OH,Cl2O2
OH,MTPA
OH,MTPA
OH,MCRHP
OH,MCRHP
OH,MCRHP
OH,MCRHP
OH,MCRHP
OH,MCRHP
OH,MCRHP
OH,MCRHP
OH,MCRHP
OH,MCRHP
OH,MCRHP
OH,MCRHP
OH,MCRHP
OH,MCRHP
OH,MCRHP
OH,MCRHP
OH,MCRHP
OH,MCRHP
OH,MCRHP
OH,MCRHP
OH,MONITU
OH,MVKHC
OH,MVKHC
OH,MVKHC
OH,MVKHC
OH,MVKHC
OH,MVKHC
OH,MVKHC
OH,PCO
OH,PCO
OH,PCO
OH,PCO
OH,PCO
OH,PCO
OH,PCO
OH,PCO
OH,PCO
OH,PCO
OH,PCO
OH,PCO
OH,PCO
OH,PCO
OH,PCO
OH,PCO
OH,PCO
OH,PCO
OH,PCO
OH,PCO
OH,PCO
OH,PCO
OH,PCO
OH,PCO
OH,PCO
OH,PCO
OH,PCO
OH,PCO
OH,PCO
OH,PCO
OH,PCO
OH,PCO
OH,PCO
OH,PCO
OH,PCO
OH,PCO
OH,PCO
OH,PCO
OH,PCO
OH,PCO
OH,PCO
OH,PCO
OH,PCO
OH,PCO
OH,PCO
OH,PCO
OH,PCO
OH,PCO
OH,PCO
OH,PCO
OH,PCO
OH,PCO
OH,PCO
OH,PCO
OH,PCO
OH,PCO
OH,PCO
OH,PCO
OH,PCO
OH,PCO
OH,PCO
OH,PCO
OH,PCO
OH,PCO
OH,PCO
OH,PCO
OH,PCO
OH,PCO
OH,PCO
OH,PCO
OH,PCO
OH,PCO
OH,PCO
OH,PCO
OH,PCO
OH,PCO
OH,PCO
OH,PCO
OH,PCO
OH,PCO
OH,PCO
OH,PCO
OH,PCO
OH,PCO
OH,PCO
OH,PCO
OH,PCO
OH,PCO
OH,PIO2
OH,PIO2
OH,XYLE
OH,NO
OH,NO
OH,NO
OH,NO
OH,NO
OH,NO
OH,NO
OH,NO
OH,NO
OH,NO
OH,INPD
OH,INPD
OH,INPD
OH,INPD
OH,INPD
OH,INPD
OH,PP
OH,PP
OH,HPETHNL
OH,HPETHNL
OH,HPETHNL
OH,HPETHNL
OH,HPETHNL
OH,HPETHNL
OH,HPETHNL
OH,HPETHNL
OH,HPETHNL
OH,HPETHNL
OH,HPETHNL
OH,HPETHNL
OH,MVKPC
OH,MVKPC
OH,MVKPC
OH,MVKPC
OH,MVKPC
OH,MVKPC
OH,MVKPC
OH,MVKPC
OH,LCH4
OH,LCH4
OH,NO3
OH,NO3
OH,NO3
OH,NO3
OH,NO3
OH,NO3
OH,NO3
OH,NO3
OH,NO3
OH,MCRENOL
OH,MCRENOL
OH,MCRENOL
OH,MCRENOL
OH,MCRENOL
OH,MCRENOL
OH,CH4
OH,CH4
OH,CH4
OH,NAP
OH,IHOO1
OH,IHOO1
OH,IHOO1
OH,IHOO1
OH,IHOO1
OH,IHOO1
OH,IHOO1
OH,IHOO1
OH,IHOO1
OH,IHOO1
OH,Br2
OH,ETO
OH,C3H8
OH,C3H8
OH,IHPNBOO
OH,IHPNBOO
OH,IHPNBOO
OH,IHPNBOO
OH,HPALD1
OH,HPALD1
OH,HPALD1
OH,HPALD1
OH,HPALD1
OH,PROPNN
OH,PROPNN
OH,PROPNN
OH,PROPNN
OH,PROPNN
OH,PROPNN
OH,PROPNN
OH,PROPNN
OH,PROPNN
OH,PROPNN
OH,PROPNN
OH,PROPNN
OH,PROPNN
OH,IHN3
OH,IHN3
OH,IDN
OH,IDN
OH,CH3CHOO
OH,C2H4
OH,BrO
OH,BrO
OH,BrO
OH,HOI
OH,HOI
OH,HOI
OH,RCO3
OH,RCO3
OH,RCO3
OH,RCO3
OH,RCO3
OH,R4N2
OH,MCO3
OH,MCO3
OH,MCO3
OH,MCO3
OH,MCO3
OH,MCO3
OH,MCO3
OH,MCO3
OH,MCO3
OH,MCO3
OH,MCO3
OH,MCO3
OH,MCO3
OH,MCO3
OH,MCO3
OH,MCO3
OH,MCO3
OH,MCO3
OH,MCO3
OH,MCO3
OH,MCO3
OH,MCO3
OH,MCO3
OH,MCO3
OH,MCO3
OH,CH3CCl3
OH,ICHOO
OH,ICHOO
OH,ICHOO
OH,ICHOO
OH,BALD
OH,BALD
OH,BALD
OH,CH3Cl
OH,EOH
OH,RP
OH,RP
OH,RP
OH,LCO
OH,MVKDH
OH,MVKDH
OH,MVKDH
OH,MVKDH
OH,MVKDH
OH,PO2
OH,PO2
OH,LVOC
OH,LVOC
OH,LVOC
OH,LVOC
OH,LVOC
OH,LVOC
OH,LVOC
OH,LVOC
OH,LVOC
OH,CHBr3
OH,IHOO4
OH,IHOO4
OH,IHOO4
OH,IHOO4
OH,IHOO4
OH,IHOO4
OH,IHOO4
OH,IHOO4
OH,IHOO4
OH,IHOO4
OH,MVK
OH,MVK
OH,MVK
OH,MVK
OH,MVK
OH,MVK
OH,MVK
OH,MVK
OH,MVK
OH,MVK
OH,MVK
OH,MVK
OH,MVK
OH,MVK
OH,MVK
OH,MVK
OH,BENZO2
OH,BENZO2
OH,BENZO2
OH,ICNOO
OH,ICNOO
OH,ICNOO
OH,R4O2
OH,R4O2
OH,R4O2
OH,HPALD4
OH,HPALD4
OH,HPALD4
OH,HPALD4
OH,HPALD4
OH,B3O2
OH,B3O2
OH,B3O2
OH,PRPN
OH,PRPN
OH,IEPOXAOO
OH,IEPOXAOO
OH,IEPOXAOO
OH,IEPOXAOO
OH,IEPOXAOO
OH,IEPOXAOO
OH,POx
OH,POx
OH,POx
OH,POx
OH,POx
OH,IDHDP
OH,IDHDP
OH,IDHDP
OH,IDHDP
OH,IDHDP
OH,CSL
OH,CSL
OH,CSL
OH,IHPNDOO
OH,IHPNDOO
OH,IHPNDOO
OH,IHPNDOO
OH,HMHP
OH,HMHP
OH,PH2O2
OH,PH2O2
OH,PH2O2
OH,PH2O2
OH,PH2O2
OH,PH2O2
OH,XRO2
OH,MVKOHOO
OH,MVKOHOO
OH,MVKOHOO
OH,HI
OH,AROMP5
OH,AROMP5
OH,AROMP5
OH,AROMP5
OH,AROMP5
OH,ClNO2
OH,MACR
OH,MACR
OH,MACR
OH,MACR
OH,MACR
OH,MACR
OH,MACR
OH,MACR
OH,MACR
OH,MACR
OH,MACR
OH,MACR
OH,MACR
OH,MACR
OH,MACR
OH,MACR
OH,MACR
OH,ITHN
OH,ITHN
OH,ITHN
OH,ITHN
OH,ITHN
OH,ITHN
OH,ITHN
OH,ITHN
OH,ITHN
OH,ITHN
OH,ITHN
OH,ITHN
OH,ITHN
OH,ITHN
OH,IDNOO
OH,IDNOO
OH,HPALD2OO
OH,HPALD2OO
OH,HPALD2OO
OH,MOH
OH,MOH
OH,MOH
OH,TRO2
OH,I2
OH,IDHNDOO2
OH,IDHNDOO2
OH,IHPOO3
OH,IHPOO3
OH,IHPOO3
OH,IHPOO3
OH,IHPOO1
OH,IHPOO1
OH,IHPOO1
OH,IHPOO1
OH,Br
OH,Br
OH,Br
OH,Br
OH,Br
OH,Br
OH,Br
OH,Br
OH,Br
OH,ICHE
OH,ICHE
OH,ICHE
OH,ICHE
OH,ICHE
OH,ICHE
OH,ICHE
OH,ICHE
OH,ICHE
OH,ICHE
OH,IHN1
OH,IHN1
OH,IHN1
OH,IHN1
OH,IDHNDOO1
OH,IDHNDOO1
OH,IEPOXBOO
OH,IEPOXBOO
OH,IEPOXBOO
OH,IEPOXBOO
OH,IEPOXBOO
OH,IEPOXBOO
OH,MVKHCB
OH,MVKHCB
OH,MVKHCB
OH,MVKHCB
OH,MVKHCB
OH,MVKHCB
OH,MVKHCB
OH,MVKHCB
OH,MVKHCB
OH,HCFC123
OH,HPALD1OO
OH,HPALD1OO
OH,HPALD1OO
OH,IHN4
OH,IHN4
OH,IHN4
OH,IHN4
OH,ICPDH
OH,ICPDH
OH,ICPDH
OH,ICPDH
OH,ICPDH
OH,ICPDH
OH,ICPDH
OH,ICPDH
OH,ICPDH
OH,ICPDH
OH,PIP
OH,PIP
OH,RIPA
OH,RIPA
OH,RIPA
OH,RIPA
OH,RIPA
OH,HBr
OH,HBr
OH,HBr
OH,PRN1
OH,LIMO2
OH,IEPOXB
OH,IEPOXB
OH,IEPOXB
OH,IEPOXB
OH,IEPOXB
OH,IEPOXB
OH,Cl
OH,Cl
OH,Cl
OH,Cl
OH,Cl
OH,Cl
OH,Cl
OH,Cl
OH,Cl
OH,Cl
OH,Cl
OH,Cl
OH,Cl
OH,Cl
OH,MO2
OH,MO2
OH,MO2
OH,MO2
OH,MO2
OH,MO2
OH,MO2
OH,MO2
OH,MO2
OH,MO2
OH,MO2
OH,MO2
OH,MO2
OH,MO2
OH,MO2
OH,MO2
OH,MO2
OH,MO2
OH,GLYC
OH,GLYC
OH,GLYC
OH,GLYC
OH,GLYC
OH,GLYC
OH,GLYC
OH,GLYC
OH,GLYC
OH,GLYC
OH,GLYC
OH,GLYC
OH,GLYC
OH,GLYC
OH,GLYC
OH,GLYC
OH,GLYC
OH,GLYC
OH,GLYC
OH,GLYC
OH,GLYC
OH,GLYC
OH,GLYC
OH,GLYC
OH,GLYC
OH,GLYC
OH,GLYC
OH,H
OH,H
OH,H
OH,H
OH,H
OH,H
OH,H
OH,IO
OH,NPHEN
OH,BZPAN
OH,RB3P
OH,RB3P
OH,ACTA
OH,ACTA
OH,ACTA
OH,ACTA
OH,ACTA
OH,HPALD2
OH,HPALD2
OH,HPALD2
OH,HPALD2
OH,HPALD2
OH,HOCl
OH,HOCl
OH,HOCl
OH,HOCl
OH,HOCl
OH,HOCl
OH,HOCl
OH,ETOO
OH,ETOO
OH,MACR1OO
OH,MACR1OO
OH,MACR1OO
OH,MACR1OO
OH,MONITS
OH,BRO2
OH,ALD2
OH,ALD2
OH,ALD2
OH,ALD2
OH,ALD2
OH,ALD2
OH,ALD2
OH,ALD2
OH,ALD2
OH,DMS
OH,DMS
OH,O
OH,O
OH,O
OH,O
OH,O
OH,O
OH,O
OH,O
OH,O
OH,OCS
OH,ATO2
OH,ATO2
OH,ATO2
OH,CH2Cl2
OH,IHN2
OH,IHN2
OH,HPALD3
OH,HPALD3
OH,HPALD3
OH,HPALD3
OH,HPALD3
OH,RIPC
OH,RIPC
OH,MVKN
OH,MVKN
OH,MVKN
OH,MVKN
OH,MVKN
OH,MVKN
OH,MVKN
OH,MVKN
OH,MVKN
OH,MVKN
OH,MVKN
OH,MVKN
OH,BENZO
OH,BENZO
OH,BENZO
OH,HC5A
OH,HC5A
OH,HC5A
OH,HC5A
OH,HC5A
OH,HC5A
OH,HC5A
OH,HC5A
OH,HC5A
OH,HC5A
OH,HC5A
OH,HC5A
OH,HC5A
OH,HC5A
OH,RIPD
OH,RIPD
OH,MCROHOO
OH,MCROHOO
OH,MCROHOO
OH,MCROHOO
OH,HO2
OH,HO2
OH,HO2
OH,HO2
OH,HO2
OH,HO2
OH,HO2
OH,HO2
OH,HO2
OH,HO2
OH,HO2
OH,HO2
OH,HO2
OH,HO2
OH,HO2
OH,HO2
OH,HO2
OH,HO2
OH,HO2
OH,HO2
OH,HO2
OH,HO2
OH,HO2
OH,HO2
OH,HO2
OH,HO2
OH,HO2
OH,HO2
OH,HO2
OH,HO2
OH,HO2
OH,HO2
OH,HO2
OH,HO2
OH,HO2
OH,HO2
OH,HO2
OH,HO2
OH,HO2
OH,HO2
OH,HO2
OH,HO2
OH,HO2
OH,HO2
OH,HO2
OH,HO2
OH,HO2
OH,HO2
OH,HO2
OH,HO2
OH,HO2
OH,HO2
OH,HO2
OH,HO2
OH,HO2
OH,HO2
OH,HO2
OH,HO2
OH,HO2
OH,HO2
OH,HO2
OH,HO2
OH,HO2
OH,HO2
OH,HO2
OH,HO2
OH,HO2
OH,HO2
OH,HO2
OH,HO2
OH,HO2
OH,HO2
OH,HO2
OH,HO2
OH,HO2
OH,HO2
OH,HO2
OH,HO2
OH,HO2
OH,HO2
OH,HO2
OH,HO2
OH,HO2
OH,HO2
OH,HO2
OH,HO2
OH,HO2
OH,HO2
OH,HO2
OH,HO2
OH,HO2
OH,HO2
OH,HO2
OH,HO2
OH,HO2
OH,HO2
OH,HO2
OH,HO2
OH,HO2
OH,HO2
OH,HO2
OH,HO2
OH,HO2
OH,HO2
OH,HO2
OH,HO2
OH,HO2
OH,HO2
OH,HO2
OH,HO2
OH,HO2
OH,HO2
OH,HO2
OH,HO2
OH,HO2
OH,HO2
OH,HO2
OH,HO2
OH,HO2
OH,HO2
OH,HO2
OH,HO2
OH,HO2
OH,HO2
OH,HO2
OH,HO2
OH,HO2
OH,HO2
OH,HO2
OH,HO2
OH,HO2
OH,HO2
OH,HO2
OH,HO2
OH,HO2
OH,HO2
OH,HO2
OH,HO2
OH,HO2
OH,HO2
OH,HO2
OH,HO2
OH,HO2
OH,HO2
OH,HO2
OH,HO2
OH,HO2
OH,HO2
OH,HO2
OH,HO2
OH,HO2
OH,HO2
OH,HO2
OH,MGLY
OH,MGLY
OH,MGLY
OH,MGLY
OH,MGLY
OH,MGLY
OH,MGLY
OH,MGLY
OH,MGLY
OH,MGLY
OH,MGLY
OH,MGLY
OH,MGLY
OH,MGLY
OH,MGLY
OH,MGLY
OH,MGLY
OH,MGLY
OH,MGLY
OH,MGLY
OH,MGLY
OH,MGLY
OH,MGLY
OH,MGLY
OH,MGLY
OH,MGLY
OH,MGLY
OH,MGLY
OH,MGLY
OH,MGLY
OH,MGLY
OH,MGLY
OH,MGLY
OH,MGLY
OH,MGLY
OH,BENZP
OH,BENZP
OH,BENZP
OH,IEPOXD
OH,IEPOXD
OH,IEPOXD
OH,IEPOXD
OH,IEPOXD
OH,MPAN
OH,MAP
OH,MAP
OH,MAP
OH,MP
OH,MP
OH,MP
OH,HNO4
OH,HNO4
OH,HCFC22
OH,IDHPE
OH,IDHPE
OH,IDHPE
OH,IDHPE
OH,IDHPE
OH,HCOOH
OH,HCOOH
OH,HCOOH
OH,HCOOH
OH,HCOOH
OH,HCOOH
OH,HCOOH
OH,HCOOH
OH,HCOOH
OH,HCOOH
OH,HCOOH
OH,HCOOH
OH,HCOOH
OH,HCOOH
OH,HCFC141b
OH,CH3I
OH,C4HVP1
OH,C4HVP1
OH,C4HVP1
OH,IDCHP
OH,IDCHP
OH,MACRNO2
OH,MACRNO2
OH,GLYX
OH,GLYX
OH,GLYX
OH,GLYX
OH,GLYX
OH,GLYX
OH,GLYX
OH,GLYX
OH,GLYX
OH,GLYX
OH,GLYX
OH,GLYX
OH,GLYX
OH,GLYX
OH,GLYX
NO2,IEPOXA
NO2,IEPOXA
NO2,NPRNO3
NO2,NPRNO3
NO2,IHPOO2
NO2,PYAC
NO2,AROMRO2
NO2,AROMRO2
NO2,INO2D
NO2,INO2D
NO2,INO2D
NO2,ACET
NO2,ACET
NO2,ACET
NO2,ACET
NO2,ACET
NO2,ACET
NO2,ClO
NO2,ClO
NO2,ClO
NO2,N2O
NO2,MENO3
NO2,MENO3
NO2,ATOOH
NO2,ATOOH
NO2,ATOOH
NO2,ATOOH
NO2,ATOOH
NO2,MVKHP
NO2,MVKHP
NO2,MVKHP
NO2,MVKHP
NO2,MVKHP
NO2,MVKHP
NO2,MVKHP
NO2,HAC
NO2,HAC
NO2,HAC
NO2,HAC
NO2,HAC
NO2,HAC
NO2,HAC
NO2,HAC
NO2,HAC
NO2,HAC
NO2,HAC
NO2,HAC
NO2,HAC
NO2,HAC
NO2,HAC
NO2,HAC
NO2,HAC
NO2,HAC
NO2,HAC
NO2,HAC
NO2,HAC
NO2,ClNO3
NO2,ClNO3
NO2,I
NO2,I
NO2,I
NO2,I
NO2,MCRDH
NO2,MCRHNB
NO2,MCRHNB
NO2,MCRHNB
NO2,MCRHNB
NO2,MCRHNB
NO2,MCRHNB
NO2,MCRHNB
NO2,H2O
NO2,H2O
NO2,IDHNBOO
NO2,IDHNBOO
NO2,INA
NO2,INA
NO2,INA
NO2,INA
NO2,INO2B
NO2,INO2B
NO2,INO2B
NO2,INO2B
NO2,INO2B
NO2,INO2B
NO2,INO2B
NO2,C4HVP2
NO2,C4HVP2
NO2,C4HVP2
NO2,OTHRO2
NO2,OTHRO2
NO2,OTHRO2
NO2,OTHRO2
NO2,CO
NO2,CO
NO2,CO
NO2,CO
NO2,CO
NO2,CO
NO2,CO
NO2,CO
NO2,CO
NO2,CO
NO2,CO
NO2,CO
NO2,CO
NO2,CO
NO2,CO
NO2,A3O2
NO2,A3O2
NO2,A3O2
NO2,A3O2
NO2,ICN
NO2,ICN
NO2,ICN
NO2,ICN
NO2,ICN
NO2,ICN
NO2,ICN
NO2,ICN
NO2,ETNO3
NO2,ETNO3
NO2,ITCN
NO2,ITCN
NO2,ITCN
NO2,ITCN
NO2,CO2
NO2,CO2
NO2,CO2
NO2,CO2
NO2,CO2
NO2,CO2
NO2,CO2
NO2,CO2
NO2,CO2
NO2,CO2
NO2,CO2
NO2,CO2
NO2,ETHLN
NO2,ETHLN
NO2,ETHLN
NO2,ETHLN
NO2,ETHLN
NO2,ETHLN
NO2,ETHLN
NO2,ETHLN
NO2,ETHLN
NO2,ETHLN
NO2,ETHLN
NO2,ETHLN
NO2,ETHLN
NO2,HNO2
NO2,HNO2
NO2,R4N1
NO2,R4N1
NO2,R4N1
NO2,R4N1
NO2,R4N1
NO2,R4N1
NO2,CH2OO
NO2,CH2OO
NO2,ISOPNOO2
NO2,ETHN
NO2,ETHN
NO2,MEK
NO2,MEK
NO2,MEK
NO2,MEK
NO2,MEK
NO2,MEK
NO2,MEK
NO2,MEK
NO2,MEK
NO2,MEK
NO2,MEK
NO2,MEK
NO2,ISOPNOO1
NO2,ISOPNOO1
NO2,RCHO
NO2,RCHO
NO2,RCHO
NO2,RCHO
NO2,RCHO
NO2,RCHO
NO2,RCHO
NO2,RCHO
NO2,RCHO
NO2,RCHO
NO2,RCHO
NO2,RCHO
NO2,RCHO
NO2,RCHO
NO2,RCHO
NO2,RCHO
NO2,RCHO
NO2,RCHO
NO2,RCHO
NO2,RCHO
NO2,RCHO
NO2,RCHO
NO2,AROMP4
NO2,AROMP4
NO2,HONIT
NO2,INPB
NO2,INPB
NO2,INPB
NO2,INPB
NO2,INPB
NO2,BrNO3
NO2,BrNO3
NO2,BZCO3
NO2,BZCO3
NO2,BZCO3
NO2,IPRNO3
NO2,IPRNO3
NO2,ETO2
NO2,KO2
NO2,PRPE
NO2,PRPE
NO2,IDC
NO2,MCRHN
NO2,MCRHN
NO2,MCRHN
NO2,MCRHN
NO2,MCRHN
NO2,MCRHN
NO2,ROH
NO2,ROH
NO2,ROH
NO2,MCRHP
NO2,MCRHP
NO2,MCRHP
NO2,MCRHP
NO2,MCRHP
NO2,MCRHP
NO2,MCRHP
NO2,MCRHP
NO2,MVKHC
NO2,MONITU
NO2,MONITU
NO2,MONITU
NO2,MONITU
NO2,MONITU
NO2,MONITU
NO2,MONITU
NO2,PIO2
NO2,PIO2
NO2,PCO
NO2,PCO
NO2,PCO
NO2,PCO
NO2,PCO
NO2,PCO
NO2,PCO
NO2,PCO
NO2,PCO
NO2,PCO
NO2,PCO
NO2,PCO
NO2,PCO
NO2,PCO
NO2,PCO
NO2,NO
NO2,NO
NO2,NO
NO2,NO
NO2,NO
NO2,NO
NO2,NO
NO2,NO
NO2,NO
NO2,NO
NO2,NO
NO2,NO
NO2,NO
NO2,NO
NO2,NO
NO2,NO
NO2,NO
NO2,NO
NO2,NO
NO2,NO
NO2,NO
NO2,NO
NO2,NO
NO2,NO
NO2,NO
NO2,NO
NO2,NO
NO2,NO
NO2,NO
NO2,NO
NO2,NO
NO2,NO
NO2,NO
NO2,NO
NO2,NO
NO2,NO
NO2,NO
NO2,NO
NO2,NO
NO2,NO
NO2,NO
NO2,NO
NO2,NO
NO2,NO
NO2,NO
NO2,NO
NO2,NO
NO2,NO
NO2,NO
NO2,NO
NO2,NO
NO2,NO
NO2,NO
NO2,NO
NO2,NO
NO2,NO
NO2,NO
NO2,NO
NO2,NO
NO2,NO
NO2,NO
NO2,NO
NO2,NO
NO2,INPD
NO2,INPD
NO2,HPETHNL
NO2,HPETHNL
NO2,HPETHNL
NO2,HPETHNL
NO2,HPETHNL
NO2,MVKPC
NO2,NO3
NO2,NO3
NO2,NO3
NO2,NO3
NO2,NO3
NO2,NO3
NO2,NO3
NO2,NO3
NO2,NO3
NO2,NO3
NO2,NO3
NO2,NO3
NO2,NO3
NO2,NO3
NO2,NO3
NO2,NO3
NO2,NO3
NO2,NO3
NO2,NO3
NO2,NO3
NO2,NO3
NO2,NO3
NO2,NO3
NO2,NO3
NO2,NO3
NO2,NO3
NO2,NO3
NO2,NO3
NO2,NO3
NO2,NO3
NO2,MCRENOL
NO2,MCRENOL
NO2,PPN
NO2,PPN
NO2,IHOO1
NO2,IHOO1
NO2,IHOO1
NO2,ETO
NO2,ETO
NO2,IHPNBOO
NO2,IHPNBOO
NO2,PROPNN
NO2,PROPNN
NO2,PROPNN
NO2,PROPNN
NO2,PROPNN
NO2,PROPNN
NO2,PROPNN
NO2,PROPNN
NO2,PROPNN
NO2,PROPNN
NO2,OIO
NO2,IHN3
NO2,IHN3
NO2,IDN
NO2,IDN
NO2,IDN
NO2,CH3CHOO
NO2,CH3CHOO
NO2,BrO
NO2,BrO
NO2,BrO
NO2,BrO
NO2,RCO3
NO2,RCO3
NO2,RCO3
NO2,R4N2
NO2,R4N2
NO2,MCO3
NO2,MCO3
NO2,MCO3
NO2,MCO3
NO2,MCO3
NO2,MCO3
NO2,MCO3
NO2,MCO3
NO2,MCO3
NO2,MCO3
NO2,MCO3
NO2,MCO3
NO2,MCO3
NO2,MCO3
NO2,MCO3
NO2,MCO3
NO2,MCO3
NO2,MCO3
NO2,ICHOO
NO2,MVKDH
NO2,OLND
NO2,OLND
NO2,OLND
NO2,OLND
NO2,OLND
NO2,OLND
NO2,PO2
NO2,IHOO4
NO2,IHOO4
NO2,IHOO4
NO2,MVK
NO2,MVK
NO2,MVK
NO2,MVK
NO2,MVK
NO2,MVK
NO2,MVK
NO2,MVK
NO2,MVK
NO2,MVK
NO2,MVK
NO2,MVK
NO2,BENZO2
NO2,BENZO2
NO2,BENZO2
NO2,BENZO2
NO2,ICNOO
NO2,ICNOO
NO2,R4O2
NO2,R4O2
NO2,R4O2
NO2,B3O2
NO2,B3O2
NO2,B3O2
NO2,B3O2
NO2,PRPN
NO2,IEPOXAOO
NO2,N
NO2,POx
NO2,IHPNDOO
NO2,MVKOHOO
NO2,MVKOHOO
NO2,ClNO2
NO2,ClNO2
NO2,MACR
NO2,MACR
NO2,MACR
NO2,MACR
NO2,MACR
NO2,MACR
NO2,MACR
NO2,MACR
NO2,MACR
NO2,MACR
NO2,MACR
NO2,MACR
NO2,MACR
NO2,ITHN
NO2,ITHN
NO2,ITHN
NO2,ITHN
NO2,ITHN
NO2,ITHN
NO2,IDNOO
NO2,IDNOO
NO2,IDNOO
NO2,HPALD2OO
NO2,MOH
NO2,MOH
NO2,MOH
NO2,MOH
NO2,I2
NO2,IDHNDOO2
NO2,IONO
NO2,IONO
NO2,IONO
NO2,IONO
NO2,IHPOO3
NO2,IHPOO1
NO2,Br
NO2,Br
NO2,Br
NO2,Br
NO2,IHN1
NO2,IHN1
NO2,IHN1
NO2,ICHE
NO2,ICHE
NO2,IDHNDOO1
NO2,OLNN
NO2,OLNN
NO2,OLNN
NO2,IEPOXBOO
NO2,MVKHCB
NO2,HPALD1OO
NO2,IHN4
NO2,IHN4
NO2,PRN1
NO2,PRN1
NO2,PRN1
NO2,PRN1
NO2,LIMO2
NO2,LIMO2
NO2,IEPOXB
NO2,IEPOXB
NO2,Cl
NO2,Cl
NO2,MO2
NO2,MO2
NO2,MO2
NO2,MO2
NO2,MO2
NO2,MO2
NO2,MO2
NO2,MO2
NO2,MO2
NO2,MO2
NO2,MO2
NO2,MO2
NO2,MO2
NO2,MO2
NO2,MO2
NO2,MO2
NO2,MO2
NO2,MO2
NO2,N2O5
NO2,N2O5
NO2,N2O5
NO2,GLYC
NO2,GLYC
NO2,GLYC
NO2,GLYC
NO2,GLYC
NO2,GLYC
NO2,GLYC
NO2,GLYC
NO2,GLYC
NO2,GLYC
NO2,GLYC
NO2,GLYC
NO2,GLYC
NO2,GLYC
NO2,GLYC
NO2,GLYC
NO2,GLYC
NO2,GLYC
NO2,IO
NO2,IO
NO2,IO
NO2,IO
NO2,NPHEN
NO2,NPHEN
NO2,NPHEN
NO2,BZPAN
NO2,BZPAN
NO2,BZPAN
NO2,IONO2
NO2,IONO2
NO2,ACTA
NO2,ACTA
NO2,HOCl
NO2,ETOO
NO2,ETOO
NO2,MACR1OO
NO2,MACR1OO
NO2,MACR1OO
NO2,MONITS
NO2,MONITS
NO2,MONITS
NO2,MONITS
NO2,MONITS
NO2,MONITS
NO2,MONITS
NO2,ALD2
NO2,ALD2
NO2,ALD2
NO2,ALD2
NO2,ALD2
NO2,ALD2
NO2,ALD2
NO2,ALD2
NO2,ALD2
NO2,ALD2
NO2,ALD2
NO2,ALD2
NO2,ALD2
NO2,ALD2
NO2,ALD2
NO2,ALD2
NO2,BrNO2
NO2,BrNO2
NO2,O
NO2,O
NO2,O
NO2,O
NO2,O
NO2,O
NO2,O
NO2,ATO2
NO2,IHN2
NO2,IHN2
NO2,MVKN
NO2,MVKN
NO2,MVKN
NO2,MVKN
NO2,MVKN
NO2,MVKN
NO2,MVKN
NO2,MVKN
NO2,MVKN
NO2,MVKN
NO2,BENZO
NO2,BENZO
NO2,BENZO
NO2,BENZO
NO2,MPN
NO2,MPN
NO2,MPN
NO2,HC5A
NO2,HC5A
NO2,HC5A
NO2,HC5A
NO2,MCROHOO
NO2,MCROHOO
NO2,HO2
NO2,HO2
NO2,HO2
NO2,HO2
NO2,HO2
NO2,HO2
NO2,HO2
NO2,HO2
NO2,HO2
NO2,HO2
NO2,HO2
NO2,HO2
NO2,HO2
NO2,HO2
NO2,HO2
NO2,HO2
NO2,HO2
NO2,HO2
NO2,HO2
NO2,HO2
NO2,HO2
NO2,HO2
NO2,HO2
NO2,HO2
NO2,HO2
NO2,HO2
NO2,HO2
NO2,HO2
NO2,HO2
NO2,HO2
NO2,HO2
NO2,HO2
NO2,HO2
NO2,HO2
NO2,HO2
NO2,HO2
NO2,HO2
NO2,HO2
NO2,HO2
NO2,HO2
NO2,HO2
NO2,HO2
NO2,HO2
NO2,HO2
NO2,HO2
NO2,HO2
NO2,HO2
NO2,HO2
NO2,HO2
NO2,HO2
NO2,HO2
NO2,HO2
NO2,HO2
NO2,HO2
NO2,HO2
NO2,HO2
NO2,HO2
NO2,HO2
NO2,HO2
NO2,HO2
NO2,HO2
NO2,HO2
NO2,HO2
NO2,HO2
NO2,HO2
NO2,HO2
NO2,HO2
NO2,HO2
NO2,HO2
NO2,HO2
NO2,HO2
NO2,HO2
NO2,HO2
NO2,HO2
NO2,HO2
NO2,PAN
NO2,PAN
NO2,PAN
NO2,MGLY
NO2,MGLY
NO2,MGLY
NO2,MGLY
NO2,MGLY
NO2,MGLY
NO2,IEPOXD
NO2,IEPOXD
NO2,MPAN
NO2,MPAN
NO2,MPAN
NO2,BENZP
NO2,HNO4
NO2,HNO4
NO2,HNO4
NO2,HNO4
NO2,HCOOH
NO2,HCOOH
NO2,C4HVP1
NO2,C4HVP1
NO2,C4HVP1
NO2,MACRNO2
NO2,MACRNO2
NO2,MACRNO2
NO2,MACRNO2
NO2,MACRNO2
NO2,GLYX
NO,NRO2
NO,INO
NO,INO
NO,INO
NO,NPRNO3
NO,IHPOO2
NO,IHPOO2
NO,AROMRO2
NO,INO2D
NO,INO2D
NO,ACET
NO,ACET
NO,ACET
NO,ClO
NO,N2O
NO,MENO3
NO,ATOOH
NO,ATOOH
NO,ATOOH
NO,MVKHP
NO,MVKHP
NO,MVKHP
NO,HAC
NO,HAC
NO,HAC
NO,HAC
NO,HAC
NO,HAC
NO,HAC
NO,HAC
NO,HAC
NO,HAC
NO,HAC
NO,TRO2
NO,I
NO,I
NO,I
NO,MCRDH
NO,MCRHNB
NO,MCRHNB
NO,MCRHNB
NO,MCRHNB
NO,IDHNBOO
NO,IDHNBOO
NO,INA
NO,INO2B
NO,INO2B
NO,C4HVP2
NO,OTHRO2
NO,OTHRO2
NO,OTHRO2
NO,CO
NO,CO
NO,CO
NO,CO
NO,CO
NO,CO
NO,CO
NO,CO
NO,O1D
NO,LNRO2N
NO,A3O2
NO,A3O2
NO,A3O2
NO,A3O2
NO,ICN
NO,ETNO3
NO,ITCN
NO,ITCN
NO,ITCN
NO,CO2
NO,CO2
NO,CO2
NO,CO2
NO,CO2
NO,CO2
NO,CO2
NO,ETHLN
NO,ETHLN
NO,ETHLN
NO,ETHLN
NO,ETHLN
NO,ETHLN
NO,HNO2
NO,HNO2
NO,R4N1
NO,CH2OO
NO,ISOPNOO2
NO,ISOPNOO2
NO,ETHN
NO,MEK
NO,MEK
NO,MEK
NO,MEK
NO,ISOPNOO1
NO,ISOPNOO1
NO,RCHO
NO,RCHO
NO,RCHO
NO,RCHO
NO,RCHO
NO,RCHO
NO,BZCO3
NO,IPRNO3
NO,ETO2
NO,ETO2
NO,KO2
NO,PRPE
NO,MCRHN
NO,MCRHN
NO,MCRHP
NO,MCRHP
NO,MCRHP
NO,MVKHC
NO,MONITU
NO,MONITU
NO,PIO2
NO,PCO
NO,PCO
NO,PCO
NO,PCO
NO,PCO
NO,PCO
NO,PCO
NO,PCO
NO,HPETHNL
NO,HPETHNL
NO,HPETHNL
NO,NO3
NO,NO3
NO,NO3
NO,IHOO1
NO,IHOO1
NO,IHOO1
NO,IHOO1
NO,ETO
NO,IHPNBOO
NO,IHPNBOO
NO,PROPNN
NO,PROPNN
NO,PROPNN
NO,PROPNN
NO,PROPNN
NO,PROPNN
NO,OIO
NO,IHN3
NO,IDN
NO,IDN
NO,IDN
NO,IDN
NO,IDN
NO,IDN
NO,IDN
NO,IDN
NO,IDN
NO,CH3CHOO
NO,LBRO2N
NO,BrO
NO,RCO3
NO,R4N2
NO,R4N2
NO,MCO3
NO,MCO3
NO,MCO3
NO,MCO3
NO,MCO3
NO,ICHOO
NO,ICHOO
NO,MVKDH
NO,OLND
NO,PO2
NO,IHOO4
NO,IHOO4
NO,IHOO4
NO,IHOO4
NO,MVK
NO,MVK
NO,MVK
NO,BENZO2
NO,BENZO2
NO,ICNOO
NO,R4O2
NO,R4O2
NO,B3O2
NO,B3O2
NO,B3O2
NO,B3O2
NO,IEPOXAOO
NO,IEPOXAOO
NO,N
NO,N
NO,N
NO,IHPNDOO
NO,IHPNDOO
NO,XRO2
NO,MVKOHOO
NO,MVKOHOO
NO,MVKOHOO
NO,MACR
NO,MACR
NO,MACR
NO,ITHN
NO,ITHN
NO,ITHN
NO,IDNOO
NO,HPALD2OO
NO,LXRO2N
NO,I2
NO,IDHNDOO2
NO,IDHNDOO2
NO,IHPOO3
NO,IHPOO3
NO,IHN1
NO,Br
NO,IHPOO1
NO,IHPOO1
NO,IDHNDOO1
NO,IDHNDOO1
NO,OLNN
NO,IEPOXBOO
NO,IEPOXBOO
NO,HPALD1OO
NO,LTRO2N
NO,IHN4
NO,PRN1
NO,LIMO2
NO,Cl
NO,MO2
NO,MO2
NO,MO2
NO,MO2
NO,MO2
NO,GLYC
NO,GLYC
NO,GLYC
NO,GLYC
NO,GLYC
NO,GLYC
NO,GLYC
NO,GLYC
NO,GLYC
NO,IO
NO,IO
NO,ETOO
NO,MACR1OO
NO,MONITS
NO,MONITS
NO,BRO2
NO,ALD2
NO,ALD2
NO,ALD2
NO,ALD2
NO,ALD2
NO,ALD2
NO,ALD2
NO,ALD2
NO,O
NO,O
NO,O
NO,O
NO,O
NO,O
NO,ATO2
NO,IHN2
NO,MVKN
NO,MVKN
NO,MVKN
NO,MVKN
NO,MVKN
NO,MVKN
NO,BENZO
NO,HC5A
NO,HC5A
NO,MCROHOO
NO,MCROHOO
NO,MCROHOO
NO,HO2
NO,HO2
NO,HO2
NO,HO2
NO,HO2
NO,HO2
NO,HO2
NO,HO2
NO,HO2
NO,HO2
NO,HO2
NO,HO2
NO,HO2
NO,HO2
NO,HO2
NO,HO2
NO,HO2
NO,HO2
NO,HO2
NO,HO2
NO,HO2
NO,HO2
NO,HO2
NO,HO2
NO,HO2
NO,HO2
NO,HO2
NO,HO2
NO,HO2
NO,HO2
NO,HO2
NO,HO2
NO,HO2
NO,MGLY
NO,MGLY
NO,MGLY
NO,HCOOH
NO,C4HVP1
NO,MACRNO2
NO,GLYX
HO2,NRO2
HO2,IEPOXA
HO2,NPRNO3
HO2,IHPOO2
HO2,IHPOO2
HO2,IHPOO2
HO2,PYAC
HO2,PYAC
HO2,PYAC
HO2,PYAC
HO2,AROMRO2
HO2,AROMRO2
HO2,AROMRO2
HO2,AROMRO2
HO2,AROMRO2
HO2,AROMRO2
HO2,AROMRO2
HO2,AROMRO2
HO2,AROMRO2
HO2,AROMRO2
HO2,INO2D
HO2,INO2D
HO2,INO2D
HO2,INO2D
HO2,INO2D
HO2,INO2D
HO2,INO2D
HO2,ACET
HO2,ACET
HO2,ACET
HO2,ACET
HO2,ACET
HO2,ACET
HO2,ACET
HO2,ACET
HO2,ACET
HO2,ACET
HO2,HOBr
HO2,CH3Br
HO2,ClO
HO2,ClO
HO2,ClO
HO2,ClO
HO2,ClO
HO2,ClO
HO2,ClO
HO2,MENO3
HO2,ATOOH
HO2,ATOOH
HO2,ATOOH
HO2,ATOOH
HO2,ATOOH
HO2,ATOOH
HO2,ATOOH
HO2,ATOOH
HO2,ATOOH
HO2,ATOOH
HO2,ATOOH
HO2,ATOOH
HO2,ATOOH
HO2,MVKHP
HO2,MVKHP
HO2,MVKHP
HO2,MVKHP
HO2,MVKHP
HO2,MVKHP
HO2,MVKHP
HO2,MVKHP
HO2,MVKHP
HO2,MVKHP
HO2,MVKHP
HO2,MVKHP
HO2,MVKHP
HO2,MVKHP
HO2,MVKHP
HO2,HAC
HO2,HAC
HO2,HAC
HO2,HAC
HO2,HAC
HO2,HAC
HO2,HAC
HO2,HAC
HO2,HAC
HO2,HAC
HO2,HAC
HO2,HAC
HO2,HAC
HO2,HAC
HO2,HAC
HO2,HAC
HO2,HAC
HO2,HAC
HO2,HAC
HO2,HAC
HO2,HAC
HO2,HAC
HO2,HAC
HO2,HAC
HO2,HAC
HO2,HAC
HO2,HAC
HO2,HAC
HO2,HAC
HO2,HAC
HO2,HAC
HO2,HAC
HO2,HAC
HO2,HAC
HO2,TRO2
HO2,TRO2
HO2,I
HO2,MCRDH
HO2,MCRDH
HO2,MCRDH
HO2,MCRDH
HO2,MCRDH
HO2,MCRDH
HO2,CHCl3
HO2,CHCl3
HO2,MCRHNB
HO2,MCRHNB
HO2,MCRHNB
HO2,MCRHNB
HO2,MCRHNB
HO2,MCRHNB
HO2,MCRHNB
HO2,MCRHNB
HO2,MCRHNB
HO2,MCRHNB
HO2,MCRHNB
HO2,MCRHNB
HO2,MCRHNB
HO2,MACR1OOH
HO2,H2O
HO2,H2O
HO2,H2O
HO2,H2O
HO2,H2O
HO2,H2O
HO2,H2O
HO2,H2O
HO2,H2O
HO2,IDHNBOO
HO2,IDHNBOO
HO2,IDHNBOO
HO2,INA
HO2,INA
HO2,INA
HO2,INA
HO2,INA
HO2,INA
HO2,INA
HO2,INA
HO2,INA
HO2,ClOO
HO2,MTPO
HO2,INO2B
HO2,INO2B
HO2,INO2B
HO2,C4HVP2
HO2,C4HVP2
HO2,C4HVP2
HO2,CO
HO2,CO
HO2,CO
HO2,CO
HO2,CO
HO2,CO
HO2,CO
HO2,CO
HO2,CO
HO2,CO
HO2,CO
HO2,CO
HO2,CO
HO2,CO
HO2,CO
HO2,CO
HO2,CO
HO2,CO
HO2,CO
HO2,CO
HO2,CO
HO2,CO
HO2,CO
HO2,CO
HO2,CO
HO2,CO
HO2,CO
HO2,CO
HO2,CO
HO2,CO
HO2,CO
HO2,CO
HO2,CO
HO2,CO
HO2,CO
HO2,CO
HO2,CO
HO2,CO
HO2,CO
HO2,CO
HO2,CO
HO2,CO
HO2,CO
HO2,CO
HO2,CO
HO2,CO
HO2,CO
HO2,CO
HO2,CO
HO2,CO
HO2,CO
HO2,CO
HO2,CO
HO2,CO
HO2,CO
HO2,CO
HO2,CO
HO2,CO
HO2,CO
HO2,CO
HO2,CO
HO2,CO
HO2,CO
HO2,CO
HO2,CO
HO2,CO
HO2,CO
HO2,CO
HO2,CO
HO2,CO
HO2,CO
HO2,CO
HO2,CO
HO2,CO
HO2,CO
HO2,CO
HO2,CO
HO2,CO
HO2,CO
HO2,CO
HO2,CO
HO2,CO
HO2,CO
HO2,CO
HO2,CO
HO2,CO
HO2,CO
HO2,CO
HO2,CO
HO2,CO
HO2,CO
HO2,CO
HO2,CO
HO2,CO
HO2,CO
HO2,CO
HO2,CO
HO2,OTHRO2
HO2,OTHRO2
HO2,OTHRO2
HO2,OTHRO2
HO2,OTHRO2
HO2,OTHRO2
HO2,OTHRO2
HO2,OTHRO2
HO2,OTHRO2
HO2,OTHRO2
HO2,OTHRO2
HO2,OTHRO2
HO2,OTHRO2
HO2,OTHRO2
HO2,O1D
HO2,LISOPOH
HO2,LISOPOH
HO2,LBRO2H
HO2,A3O2
HO2,A3O2
HO2,A3O2
HO2,A3O2
HO2,A3O2
HO2,A3O2
HO2,A3O2
HO2,A3O2
HO2,A3O2
HO2,A3O2
HO2,A3O2
HO2,BZCO3H
HO2,ICN
HO2,ICN
HO2,ICN
HO2,ICN
HO2,ICN
HO2,ICN
HO2,ICN
HO2,ICN
HO2,ICN
HO2,ICN
HO2,ICN
HO2,ICN
HO2,ICN
HO2,ICN
HO2,ETNO3
HO2,LXRO2H
HO2,ITCN
HO2,ITCN
HO2,ITCN
HO2,ITCN
HO2,ITCN
HO2,ITCN
HO2,CO2
HO2,CO2
HO2,CO2
HO2,CO2
HO2,CO2
HO2,CO2
HO2,CO2
HO2,CO2
HO2,CO2
HO2,CO2
HO2,CO2
HO2,CO2
HO2,CO2
HO2,CO2
HO2,CO2
HO2,CO2
HO2,CO2
HO2,CO2
HO2,ETHLN
HO2,ETHLN
HO2,ETHLN
HO2,ETHLN
HO2,ETHLN
HO2,ETHLN
HO2,ETHLN
HO2,ETHLN
HO2,ETHLN
HO2,ETHLN
HO2,ETHLN
HO2,ETHLN
HO2,ETHLN
HO2,ETHLN
HO2,ETHLN
HO2,LIMO
HO2,HNO2
HO2,R4P
HO2,R4P
HO2,R4N1
HO2,R4N1
HO2,CH2OO
HO2,CH2OO
HO2,CH2OO
HO2,ISOPNOO2
HO2,ISOPNOO2
HO2,ISOPNOO2
HO2,MEK
HO2,MEK
HO2,MEK
HO2,MEK
HO2,MEK
HO2,MEK
HO2,MEK
HO2,MEK
HO2,MEK
HO2,MEK
HO2,MEK
HO2,MEK
HO2,MEK
HO2,MEK
HO2,ISOPNOO1
HO2,ISOPNOO1
HO2,ISOPNOO1
HO2,C2H2
HO2,BENZ
HO2,RCHO
HO2,RCHO
HO2,RCHO
HO2,RCHO
HO2,RCHO
HO2,RCHO
HO2,RCHO
HO2,RCHO
HO2,RCHO
HO2,RCHO
HO2,RCHO
HO2,RCHO
HO2,RCHO
HO2,RCHO
HO2,RCHO
HO2,RCHO
HO2,RCHO
HO2,RCHO
HO2,RCHO
HO2,RCHO
HO2,RCHO
HO2,RCHO
HO2,RCHO
HO2,RCHO
HO2,RCHO
HO2,RCHO
HO2,RCHO
HO2,RCHO
HO2,RIPB
HO2,RIPB
HO2,RIPB
HO2,AROMP4
HO2,AROMP4
HO2,AROMP4
HO2,AROMP4
HO2,AROMP4
HO2,AROMP4
HO2,AROMP4
HO2,AROMP4
HO2,AROMP4
HO2,INPB
HO2,INPB
HO2,INPB
HO2,INPB
HO2,ETP
HO2,ETP
HO2,ETP
HO2,MCT
HO2,MCT
HO2,MCT
HO2,BZCO3
HO2,BZCO3
HO2,PHEN
HO2,PHEN
HO2,TOLU
HO2,IPRNO3
HO2,ETO2
HO2,ETO2
HO2,ETO2
HO2,ETO2
HO2,ETO2
HO2,ETO2
HO2,KO2
HO2,KO2
HO2,KO2
HO2,KO2
HO2,KO2
HO2,ISOP
HO2,ISOP
HO2,ISOP
HO2,ETHP
HO2,ETHP
HO2,PRPE
HO2,PRPE
HO2,PRPE
HO2,PRPE
HO2,PRPE
HO2,PRPE
HO2,IDC
HO2,IDC
HO2,IDC
HO2,IDC
HO2,IDC
HO2,IDC
HO2,MCRHN
HO2,MCRHN
HO2,MCRHN
HO2,MCRHN
HO2,MCRHN
HO2,RA3P
HO2,RA3P
HO2,ROH
HO2,ROH
HO2,ROH
HO2,ROH
HO2,ROH
HO2,ROH
HO2,ROH
HO2,ROH
HO2,ROH
HO2,ROH
HO2,ROH
HO2,MTPA
HO2,MCRHP
HO2,MCRHP
HO2,MCRHP
HO2,MCRHP
HO2,MCRHP
HO2,MCRHP
HO2,MCRHP
HO2,MCRHP
HO2,MCRHP
HO2,MCRHP
HO2,MCRHP
HO2,MCRHP
HO2,MCRHP
HO2,MCRHP
HO2,MCRHP
HO2,MCRHP
HO2,MCRHP
HO2,MCRHP
HO2,MVKHC
HO2,MVKHC
HO2,MVKHC
HO2,MVKHC
HO2,MVKHC
HO2,MVKHC
HO2,MVKHC
HO2,MVKHC
HO2,MONITU
HO2,MONITU
HO2,MONITU
HO2,MONITU
HO2,MONITU
HO2,MONITU
HO2,MONITU
HO2,MONITU
HO2,MONITU
HO2,MONITU
HO2,PCO
HO2,PCO
HO2,PCO
HO2,PCO
HO2,PCO
HO2,PCO
HO2,PCO
HO2,PCO
HO2,PCO
HO2,PCO
HO2,PCO
HO2,PCO
HO2,PCO
HO2,PCO
HO2,PCO
HO2,PCO
HO2,PCO
HO2,PCO
HO2,PCO
HO2,PCO
HO2,PCO
HO2,PCO
HO2,PCO
HO2,PCO
HO2,PCO
HO2,PCO
HO2,PCO
HO2,PCO
HO2,PCO
HO2,PCO
HO2,PCO
HO2,PCO
HO2,PCO
HO2,PCO
HO2,PCO
HO2,PCO
HO2,PCO
HO2,PCO
HO2,PCO
HO2,PCO
HO2,PCO
HO2,PCO
HO2,PCO
HO2,PCO
HO2,PCO
HO2,PCO
HO2,PCO
HO2,PCO
HO2,PCO
HO2,PCO
HO2,PCO
HO2,PCO
HO2,PCO
HO2,PCO
HO2,PCO
HO2,PCO
HO2,PCO
HO2,PCO
HO2,PCO
HO2,PCO
HO2,PCO
HO2,PCO
HO2,PCO
HO2,PCO
HO2,PCO
HO2,PCO
HO2,PCO
HO2,PCO
HO2,PCO
HO2,PCO
HO2,PCO
HO2,PCO
HO2,PCO
HO2,PCO
HO2,PCO
HO2,PCO
HO2,PCO
HO2,PCO
HO2,PCO
HO2,PCO
HO2,PCO
HO2,PCO
HO2,PCO
HO2,PCO
HO2,PCO
HO2,PCO
HO2,PCO
HO2,PCO
HO2,PCO
HO2,PCO
HO2,PCO
HO2,PCO
HO2,PCO
HO2,PCO
HO2,PCO
HO2,PCO
HO2,PIO2
HO2,PIO2
HO2,PIO2
HO2,PIO2
HO2,PIO2
HO2,XYLE
HO2,INPD
HO2,INPD
HO2,PP
HO2,PP
HO2,HPETHNL
HO2,HPETHNL
HO2,HPETHNL
HO2,HPETHNL
HO2,HPETHNL
HO2,HPETHNL
HO2,HPETHNL
HO2,HPETHNL
HO2,HPETHNL
HO2,HPETHNL
HO2,HPETHNL
HO2,MVKPC
HO2,MVKPC
HO2,MVKPC
HO2,MVKPC
HO2,MVKPC
HO2,MVKPC
HO2,MVKPC
HO2,LCH4
HO2,NO3
HO2,NO3
HO2,NO3
HO2,NO3
HO2,NO3
HO2,NO3
HO2,NO3
HO2,NO3
HO2,NO3
HO2,NO3
HO2,MCRENOL
HO2,MCRENOL
HO2,MCRENOL
HO2,MCRENOL
HO2,MCRENOL
HO2,MCRENOL
HO2,CH4
HO2,CH4
HO2,IHOO1
HO2,IHOO1
HO2,IHOO1
HO2,IHOO1
HO2,IHOO1
HO2,IHOO1
HO2,IHOO1
HO2,IHOO1
HO2,IHOO1
HO2,IHOO1
HO2,IHOO1
HO2,IHOO1
HO2,IHOO1
HO2,ETO
HO2,ETO
HO2,ETO
HO2,LTRO2H
HO2,IHPNBOO
HO2,IHPNBOO
HO2,HPALD1
HO2,HPALD1
HO2,HPALD1
HO2,HPALD1
HO2,HPALD1
HO2,PROPNN
HO2,PROPNN
HO2,PROPNN
HO2,PROPNN
HO2,PROPNN
HO2,PROPNN
HO2,PROPNN
HO2,PROPNN
HO2,PROPNN
HO2,PROPNN
HO2,PROPNN
HO2,PROPNN
HO2,PROPNN
HO2,IHN3
HO2,IDN
HO2,IDN
HO2,CH3CHOO
HO2,BrO
HO2,BrO
HO2,HOI
HO2,RCO3
HO2,RCO3
HO2,RCO3
HO2,RCO3
HO2,R4N2
HO2,R4N2
HO2,MCO3
HO2,MCO3
HO2,MCO3
HO2,MCO3
HO2,MCO3
HO2,MCO3
HO2,MCO3
HO2,MCO3
HO2,MCO3
HO2,MCO3
HO2,MCO3
HO2,MCO3
HO2,MCO3
HO2,MCO3
HO2,MCO3
HO2,MCO3
HO2,MCO3
HO2,MCO3
HO2,MCO3
HO2,MCO3
HO2,MCO3
HO2,MCO3
HO2,MCO3
HO2,MCO3
HO2,MCO3
HO2,MCO3
HO2,MCO3
HO2,MCO3
HO2,MCO3
HO2,MCO3
HO2,MCO3
HO2,MCO3
HO2,MCO3
HO2,MCO3
HO2,MCO3
HO2,MCO3
HO2,MCO3
HO2,MCO3
HO2,MCO3
HO2,ICHOO
HO2,ICHOO
HO2,ICHOO
HO2,ICHOO
HO2,ICHOO
HO2,BALD
HO2,BALD
HO2,BALD
HO2,CH3Cl
HO2,CH3Cl
HO2,EOH
HO2,EOH
HO2,EOH
HO2,RP
HO2,RP
HO2,LCO
HO2,MVKDH
HO2,MVKDH
HO2,MVKDH
HO2,MVKDH
HO2,MVKDH
HO2,OLND
HO2,OLND
HO2,OLND
HO2,PO2
HO2,PO2
HO2,PO2
HO2,PO2
HO2,LNRO2H
HO2,LVOC
HO2,LVOC
HO2,LVOC
HO2,LVOC
HO2,IHOO4
HO2,IHOO4
HO2,IHOO4
HO2,IHOO4
HO2,IHOO4
HO2,IHOO4
HO2,IHOO4
HO2,IHOO4
HO2,IHOO4
HO2,IHOO4
HO2,IHOO4
HO2,IHOO4
HO2,IHOO4
HO2,MVK
HO2,MVK
HO2,MVK
HO2,MVK
HO2,MVK
HO2,MVK
HO2,MVK
HO2,MVK
HO2,MVK
HO2,MVK
HO2,MVK
HO2,MVK
HO2,MVK
HO2,MVK
HO2,MVK
HO2,MVK
HO2,MVK
HO2,MVK
HO2,MVK
HO2,MVK
HO2,MVK
HO2,BENZO2
HO2,BENZO2
HO2,BENZO2
HO2,BENZO2
HO2,BENZO2
HO2,ICNOO
HO2,ICNOO
HO2,ICNOO
HO2,ICNOO
HO2,R4O2
HO2,R4O2
HO2,R4O2
HO2,R4O2
HO2,R4O2
HO2,R4O2
HO2,HPALD4
HO2,HPALD4
HO2,HPALD4
HO2,HPALD4
HO2,B3O2
HO2,B3O2
HO2,B3O2
HO2,B3O2
HO2,B3O2
HO2,B3O2
HO2,B3O2
HO2,B3O2
HO2,B3O2
HO2,B3O2
HO2,B3O2
HO2,PRPN
HO2,PRPN
HO2,IEPOXAOO
HO2,IEPOXAOO
HO2,IEPOXAOO
HO2,IEPOXAOO
HO2,IEPOXAOO
HO2,POx
HO2,POx
HO2,POx
HO2,POx
HO2,POx
HO2,IDHDP
HO2,IDHDP
HO2,IDHDP
HO2,IDHDP
HO2,CSL
HO2,CSL
HO2,CSL
HO2,IHPNDOO
HO2,IHPNDOO
HO2,HMHP
HO2,PH2O2
HO2,PH2O2
HO2,PH2O2
HO2,PH2O2
HO2,PH2O2
HO2,PH2O2
HO2,XRO2
HO2,XRO2
HO2,MVKOHOO
HO2,MVKOHOO
HO2,MVKOHOO
HO2,HI
HO2,AROMP5
HO2,AROMP5
HO2,AROMP5
HO2,AROMP5
HO2,AROMP5
HO2,AROMP5
HO2,MACR
HO2,MACR
HO2,MACR
HO2,MACR
HO2,MACR
HO2,MACR
HO2,MACR
HO2,MACR
HO2,MACR
HO2,MACR
HO2,MACR
HO2,MACR
HO2,MACR
HO2,MACR
HO2,MACR
HO2,MACR
HO2,MACR
HO2,MACR
HO2,MACR
HO2,MACR
HO2,MACR
HO2,MACR
HO2,MACR
HO2,ITHN
HO2,ITHN
HO2,ITHN
HO2,ITHN
HO2,ITHN
HO2,ITHN
HO2,ITHN
HO2,ITHN
HO2,ITHN
HO2,ITHN
HO2,IDNOO
HO2,IDNOO
HO2,HPALD2OO
HO2,HPALD2OO
HO2,MOH
HO2,MOH
HO2,MOH
HO2,MOH
HO2,MOH
HO2,MOH
HO2,MOH
HO2,MOH
HO2,MOH
HO2,MOH
HO2,MOH
HO2,MOH
HO2,MOH
HO2,MOH
HO2,MOH
HO2,MOH
HO2,MOH
HO2,MOH
HO2,MOH
HO2,MOH
HO2,IDHNDOO2
HO2,IDHNDOO2
HO2,IDHNDOO2
HO2,IHPOO3
HO2,IHPOO1
HO2,IHPOO1
HO2,IHPOO1
HO2,Br
HO2,Br
HO2,Br
HO2,Br
HO2,ICHE
HO2,ICHE
HO2,ICHE
HO2,ICHE
HO2,ICHE
HO2,IHN1
HO2,IHN1
HO2,IHN1
HO2,IHN1
HO2,IHN1
HO2,IDHNDOO1
HO2,IDHNDOO1
HO2,IDHNDOO1
HO2,OLNN
HO2,OLNN
HO2,OLNN
HO2,OLNN
HO2,OLNN
HO2,OLNN
HO2,OLNN
HO2,IEPOXBOO
HO2,IEPOXBOO
HO2,IEPOXBOO
HO2,IEPOXBOO
HO2,IEPOXBOO
HO2,MVKHCB
HO2,MVKHCB
HO2,MVKHCB
HO2,MVKHCB
HO2,MVKHCB
HO2,MVKHCB
HO2,MVKHCB
HO2,HPALD1OO
HO2,HPALD1OO
HO2,IHN4
HO2,IHN4
HO2,IHN4
HO2,IHN4
HO2,ICPDH
HO2,ICPDH
HO2,ICPDH
HO2,ICPDH
HO2,ICPDH
HO2,ICPDH
HO2,ICPDH
HO2,PIP
HO2,PIP
HO2,PIP
HO2,RIPA
HO2,RIPA
HO2,RIPA
HO2,HBr
HO2,HBr
HO2,PRN1
HO2,PRN1
HO2,LIMO2
HO2,LIMO2
HO2,LIMO2
HO2,LIMO2
HO2,LIMO2
HO2,IEPOXB
HO2,Cl
HO2,Cl
HO2,Cl
HO2,Cl
HO2,Cl
HO2,Cl
HO2,Cl
HO2,Cl
HO2,Cl
HO2,Cl
HO2,Cl
HO2,Cl
HO2,Cl
HO2,Cl
HO2,Cl
HO2,MO2
HO2,MO2
HO2,MO2
HO2,MO2
HO2,MO2
HO2,MO2
HO2,MO2
HO2,MO2
HO2,MO2
HO2,MO2
HO2,MO2
HO2,MO2
HO2,MO2
HO2,MO2
HO2,MO2
HO2,MO2
HO2,MO2
HO2,MO2
HO2,MO2
HO2,MO2
HO2,MO2
HO2,MO2
HO2,MO2
HO2,MO2
HO2,MO2
HO2,MO2
HO2,MO2
HO2,MO2
HO2,MO2
HO2,MO2
HO2,MO2
HO2,MO2
HO2,MO2
HO2,MO2
HO2,MO2
HO2,MO2
HO2,MO2
HO2,MO2
HO2,MO2
HO2,MO2
HO2,MO2
HO2,MO2
HO2,MO2
HO2,MO2
HO2,MO2
HO2,MO2
HO2,MO2
HO2,MO2
HO2,MO2
HO2,MO2
HO2,MO2
HO2,MO2
HO2,GLYC
HO2,GLYC
HO2,GLYC
HO2,GLYC
HO2,GLYC
HO2,GLYC
HO2,GLYC
HO2,GLYC
HO2,GLYC
HO2,GLYC
HO2,GLYC
HO2,GLYC
HO2,GLYC
HO2,GLYC
HO2,GLYC
HO2,GLYC
HO2,GLYC
HO2,GLYC
HO2,GLYC
HO2,GLYC
HO2,GLYC
HO2,GLYC
HO2,GLYC
HO2,GLYC
HO2,GLYC
HO2,GLYC
HO2,GLYC
HO2,GLYC
HO2,GLYC
HO2,GLYC
HO2,GLYC
HO2,GLYC
HO2,H
HO2,H
HO2,H
HO2,H
HO2,H
HO2,H
HO2,IO
HO2,NPHEN
HO2,RB3P
HO2,RB3P
HO2,HPALD2
HO2,HPALD2
HO2,HPALD2
HO2,HPALD2
HO2,HPALD2
HO2,ACTA
HO2,ACTA
HO2,ACTA
HO2,HOCl
HO2,ETOO
HO2,ETOO
HO2,MACR1OO
HO2,MONITS
HO2,MONITS
HO2,MONITS
HO2,MONITS
HO2,MONITS
HO2,MONITS
HO2,MONITS
HO2,MONITS
HO2,MONITS
HO2,MONITS
HO2,BRO2
HO2,BRO2
HO2,ALD2
HO2,ALD2
HO2,ALD2
HO2,ALD2
HO2,ALD2
HO2,ALD2
HO2,ALD2
HO2,ALD2
HO2,ALD2
HO2,ALD2
HO2,ALD2
HO2,ALD2
HO2,ALD2
HO2,ALD2
HO2,ALD2
HO2,ALD2
HO2,ALD2
HO2,ALD2
HO2,ALD2
HO2,ALD2
HO2,ALD2
HO2,ALD2
HO2,ALD2
HO2,ALD2
HO2,ALD2
HO2,ALD2
HO2,ALD2
HO2,ALD2
HO2,ALD2
HO2,O
HO2,O
HO2,O
HO2,O
HO2,ATO2
HO2,ATO2
HO2,CH2Cl2
HO2,CH2Cl2
HO2,MVKN
HO2,MVKN
HO2,MVKN
HO2,MVKN
HO2,MVKN
HO2,MVKN
HO2,MVKN
HO2,MVKN
HO2,MVKN
HO2,MVKN
HO2,MVKN
HO2,MVKN
HO2,MVKN
HO2,MVKN
HO2,HPALD3
HO2,HPALD3
HO2,HPALD3
HO2,HPALD3
HO2,RIPC
HO2,RIPC
HO2,RIPC
HO2,BENZO
HO2,BENZO
HO2,BENZO
HO2,MPN
HO2,IHN2
HO2,RIPD
HO2,RIPD
HO2,RIPD
HO2,HC5A
HO2,HC5A
HO2,HC5A
HO2,HC5A
HO2,HC5A
HO2,HC5A
HO2,HC5A
HO2,HC5A
HO2,HC5A
HO2,HC5A
HO2,HC5A
HO2,HC5A
HO2,HC5A
HO2,HC5A
HO2,MCROHOO
HO2,MCROHOO
HO2,MCROHOO
HO2,MCROHOO
HO2,MGLY
HO2,MGLY
HO2,MGLY
HO2,MGLY
HO2,MGLY
HO2,MGLY
HO2,MGLY
HO2,MGLY
HO2,MGLY
HO2,MGLY
HO2,MGLY
HO2,MGLY
HO2,MGLY
HO2,MGLY
HO2,MGLY
HO2,MGLY
HO2,MGLY
HO2,MGLY
HO2,MGLY
HO2,MGLY
HO2,MGLY
HO2,MGLY
HO2,MGLY
HO2,MGLY
HO2,MGLY
HO2,MGLY
HO2,MGLY
HO2,MGLY
HO2,MGLY
HO2,MGLY
HO2,MGLY
HO2,MGLY
HO2,BENZP
HO2,BENZP
HO2,IEPOXD
HO2,IEPOXD
HO2,IEPOXD
HO2,MAP
HO2,MP
HO2,MP
HO2,HNO4
HO2,HNO4
HO2,HNO4
HO2,IDHPE
HO2,HCOOH
HO2,HCOOH
HO2,HCOOH
HO2,HCOOH
HO2,HCOOH
HO2,HCOOH
HO2,HCOOH
HO2,HCOOH
HO2,HCOOH
HO2,HCOOH
HO2,HCOOH
HO2,IDCHP
HO2,IDCHP
HO2,IDCHP
HO2,IDCHP
HO2,C4HVP1
HO2,C4HVP1
HO2,C4HVP1
HO2,MACRNO2
HO2,MACRNO2
HO2,GLYX
HO2,GLYX
HO2,GLYX
HO2,GLYX
HO2,GLYX
HO2,GLYX
HO2,GLYX
HO2,GLYX
HO2,GLYX
HO2,GLYX
HO2,GLYX
HO2,GLYX
HO2,GLYX
HO2,GLYX
HO2,GLYX
HO2,GLYX
HO2,GLYX
HO2,GLYX
HO2,GLYX
NO3,ALK4
NO3,PYAC
NO3,AROMRO2
NO3,AROMRO2
NO3,AROMRO2
NO3,INO2D
NO3,INO2D
NO3,HMML
NO3,ClO
NO3,HAC
NO3,HAC
NO3,HAC
NO3,ClNO3
NO3,ClNO3
NO3,ClNO3
NO3,ClNO3
NO3,I
NO3,I
NO3,I
NO3,H2O
NO3,INA
NO3,MTPO
NO3,INO2B
NO3,INO2B
NO3,CO
NO3,CO
NO3,CO
NO3,CO
NO3,CO
NO3,Cl2
NO3,ICN
NO3,C2H6
NO3,CO2
NO3,ETHLN
NO3,LIMO
NO3,CH2OO
NO3,R4N1
NO3,MEK
NO3,MEK
NO3,MEK
NO3,RCHO
NO3,RCHO
NO3,RCHO
NO3,AROMP4
NO3,AROMP4
NO3,HONIT
NO3,HONIT
NO3,HONIT
NO3,MCT
NO3,BrNO3
NO3,BrNO3
NO3,BZCO3
NO3,PHEN
NO3,KO2
NO3,ETO2
NO3,ISOP
NO3,PRPE
NO3,PRPE
NO3,MTPA
NO3,MONITU
NO3,MONITU
NO3,PCO
NO3,PCO
NO3,PCO
NO3,PCO
NO3,PCO
NO3,PIO2
NO3,Br2
NO3,ETO
NO3,LISOPNO3
NO3,PROPNN
NO3,CH3CHOO
NO3,BrO
NO3,RCO3
NO3,BALD
NO3,MCO3
NO3,MCO3
NO3,MCO3
NO3,MCO3
NO3,MCO3
NO3,OLND
NO3,OLND
NO3,OLND
NO3,OLND
NO3,MVK
NO3,BENZO2
NO3,BENZO2
NO3,R4O2
NO3,CSL
NO3,AROMP5
NO3,MACR
NO3,MACR
NO3,MACR
NO3,I2
NO3,I2
NO3,Br
NO3,Br
NO3,Br
NO3,OLNN
NO3,OLNN
NO3,OLNN
NO3,OLNN
NO3,MVKHCB
NO3,PRN1
NO3,LIMO2
NO3,Cl
NO3,Cl
NO3,MO2
NO3,MO2
NO3,N2O5
NO3,N2O5
NO3,N2O5
NO3,NPHEN
NO3,NPHEN
NO3,NPHEN
NO3,NPHEN
NO3,IONO2
NO3,IONO2
NO3,IONO2
NO3,HOCl
NO3,ETOO
NO3,MACR1OO
NO3,MONITS
NO3,MONITS
NO3,ALD2
NO3,ALD2
NO3,DMS
NO3,O
NO3,O
NO3,O
NO3,O
NO3,MVKN
NO3,BENZO
NO3,BENZO
NO3,BENZO
NO3,BENZO
NO3,BENZO
NO3,MPN
NO3,MGLY
NO3,MGLY
NO3,PAN
NO3,MPAN
NO3,HNO4
NO3,HCOOH
NO3,MACRNO2
NO3,GLYX
MO2,AROMRO2
MO2,AROMRO2
MO2,INO2D
MO2,INO2D
MO2,ACET
MO2,ACET
MO2,ACET
MO2,ACET
MO2,ACET
MO2,ACET
MO2,ACET
MO2,ACET
MO2,HMML
MO2,CH3Br
MO2,CH3Br
MO2,ClO
MO2,ClO
MO2,MENO3
MO2,MVKHP
MO2,HAC
MO2,HAC
MO2,HAC
MO2,HAC
MO2,HAC
MO2,I
MO2,MACR1OOH
MO2,MACR1OOH
MO2,MACR1OOH
MO2,MCRHNB
MO2,H2O
MO2,H2O
MO2,H2O
MO2,H2O
MO2,INA
MO2,INA
MO2,ClOO
MO2,INO2B
MO2,INO2B
MO2,OTHRO2
MO2,OTHRO2
MO2,OTHRO2
MO2,OTHRO2
MO2,OTHRO2
MO2,OTHRO2
MO2,OTHRO2
MO2,OTHRO2
MO2,OTHRO2
MO2,CO
MO2,CO
MO2,CO
MO2,CO
MO2,CO
MO2,CO
MO2,CO
MO2,CO
MO2,CO
MO2,CO
MO2,O1D
MO2,O1D
MO2,A3O2
MO2,A3O2
MO2,A3O2
MO2,A3O2
MO2,A3O2
MO2,A3O2
MO2,A3O2
MO2,A3O2
MO2,A3O2
MO2,ICN
MO2,ICN
MO2,ICN
MO2,CO2
MO2,CO2
MO2,CO2
MO2,CO2
MO2,CO2
MO2,CO2
MO2,CO2
MO2,CO2
MO2,CO2
MO2,CO2
MO2,CO2
MO2,CO2
MO2,R4N1
MO2,R4N1
MO2,CH2OO
MO2,CH2OO
MO2,MEK
MO2,MEK
MO2,MEK
MO2,MEK
MO2,MEK
MO2,MEK
MO2,MEK
MO2,MEK
MO2,MEK
MO2,MEK
MO2,RCHO
MO2,RCHO
MO2,RCHO
MO2,RCHO
MO2,RCHO
MO2,RCHO
MO2,RCHO
MO2,RCHO
MO2,RCHO
MO2,RCHO
MO2,RCHO
MO2,RCHO
MO2,RCHO
MO2,RCHO
MO2,INPB
MO2,BZCO3
MO2,MSA
MO2,ETO2
MO2,ETO2
MO2,KO2
MO2,KO2
MO2,ISOP
MO2,ETHP
MO2,PRPE
MO2,PRPE
MO2,PRPE
MO2,ROH
MO2,ROH
MO2,ROH
MO2,ROH
MO2,ROH
MO2,ROH
MO2,ROH
MO2,ROH
MO2,ROH
MO2,ROH
MO2,MCRHP
MO2,MONITU
MO2,MONITU
MO2,MONITU
MO2,PCO
MO2,PCO
MO2,PCO
MO2,PCO
MO2,PCO
MO2,PCO
MO2,PCO
MO2,PCO
MO2,PCO
MO2,PCO
MO2,PIO2
MO2,PIO2
MO2,LCH4
MO2,LCH4
MO2,LCH4
MO2,CH4
MO2,CH4
MO2,CH4
MO2,CH4
MO2,IHOO1
MO2,IHOO1
MO2,ETO
MO2,CH3CHOO
MO2,BrO
MO2,RCO3
MO2,RCO3
MO2,RCO3
MO2,RCO3
MO2,RCO3
MO2,R4N2
MO2,MCO3
MO2,MCO3
MO2,MCO3
MO2,MCO3
MO2,MCO3
MO2,MCO3
MO2,MCO3
MO2,MCO3
MO2,MCO3
MO2,MCO3
MO2,MCO3
MO2,MCO3
MO2,MCO3
MO2,MCO3
MO2,MCO3
MO2,MCO3
MO2,MCO3
MO2,MCO3
MO2,MCO3
MO2,MCO3
MO2,MCO3
MO2,MCO3
MO2,MCO3
MO2,MCO3
MO2,MCO3
MO2,MCO3
MO2,MCO3
MO2,MCO3
MO2,MCO3
MO2,MCO3
MO2,MCO3
MO2,MCO3
MO2,MCO3
MO2,CH3Cl
MO2,EOH
MO2,EOH
MO2,OLND
MO2,OLND
MO2,PO2
MO2,PO2
MO2,IHOO4
MO2,IHOO4
MO2,MVK
MO2,MVK
MO2,MVK
MO2,MVK
MO2,MVK
MO2,BENZO2
MO2,BENZO2
MO2,R4O2
MO2,R4O2
MO2,R4O2
MO2,R4O2
MO2,R4O2
MO2,B3O2
MO2,B3O2
MO2,B3O2
MO2,B3O2
MO2,B3O2
MO2,B3O2
MO2,B3O2
MO2,B3O2
MO2,B3O2
MO2,POx
MO2,POx
MO2,PH2O2
MO2,MACR
MO2,MACR
MO2,MACR
MO2,MACR
MO2,MACR
MO2,MACR
MO2,MOH
MO2,MOH
MO2,MOH
MO2,MOH
MO2,MOH
MO2,MOH
MO2,MOH
MO2,MOH
MO2,MOH
MO2,MOH
MO2,MOH
MO2,MOH
MO2,MOH
MO2,MOH
MO2,MOH
MO2,MOH
MO2,MOH
MO2,MOH
MO2,IHN1
MO2,Br
MO2,Br
MO2,OLNN
MO2,OLNN
MO2,IHN4
MO2,PRN1
MO2,PRN1
MO2,LIMO2
MO2,LIMO2
MO2,Cl
MO2,Cl
MO2,Cl
MO2,Cl
MO2,Cl
MO2,GLYC
MO2,ACTA
MO2,ACTA
MO2,ACTA
MO2,ACTA
MO2,ACTA
MO2,ETOO
MO2,MACR1OO
MO2,MACR1OO
MO2,MACR1OO
MO2,MONITS
MO2,MONITS
MO2,MONITS
MO2,ALD2
MO2,ALD2
MO2,ALD2
MO2,ALD2
MO2,ALD2
MO2,ALD2
MO2,ALD2
MO2,ALD2
MO2,ALD2
MO2,ALD2
MO2,ALD2
MO2,ALD2
MO2,ALD2
MO2,ALD2
MO2,ALD2
MO2,ALD2
MO2,ALD2
MO2,ALD2
MO2,DMS
MO2,DMS
MO2,DMS
MO2,ATO2
MO2,ATO2
MO2,BENZO
MO2,MPN
MO2,MPN
MO2,MPN
MO2,HC5A
MO2,HC5A
MO2,MGLY
MO2,PAN
MO2,MAP
MO2,MAP
MO2,MP
MO2,MP
MO2,MP
MO2,HCOOH
MO2,CH3I
MO2,MACRNO2
H2O,HOI
H2O,HOI
H2O,RCO3
H2O,RCHO
H2O,HBr
H2O,HBr
H2O,HBr
H2O,R4N2
H2O,MCO3
H2O,CH3CCl3
H2O,CH3Cl
H2O,ACET
H2O,HOBr
H2O,HOBr
H2O,HOBr
H2O,HOBr
H2O,HOBr
H2O,BrCl
H2O,BrCl
H2O,BrCl
H2O,BrCl
H2O,BrNO3
H2O,CH3Br
H2O,Cl
H2O,Cl
H2O,Cl
H2O,Cl
H2O,Cl
H2O,Cl
H2O,Cl
H2O,Cl
H2O,ClO
H2O,ATOOH
H2O,ATOOH
H2O,ETO2
H2O,KO2
H2O,I
H2O,I
H2O,ClNO3
H2O,H
H2O,H
H2O,N2O5
H2O,IO
H2O,IONO2
H2O,PCO
H2O,PCO
H2O,ACTA
H2O,ACTA
H2O,CO
H2O,CO
H2O,HOCl
H2O,HOCl
H2O,HOCl
H2O,HOCl
H2O,HOCl
H2O,HOCl
H2O,O1D
H2O,HMHP
H2O,HMHP
H2O,PH2O2
H2O,PH2O2
H2O,PH2O2
H2O,LCH4
H2O,ALD2
H2O,ALD2
H2O,HCFC142b
H2O,O
H2O,O
H2O,ATO2
H2O,ATO2
H2O,CH4
H2O,HI
H2O,Cl2
H2O,Cl2
H2O,Cl2
H2O,Br2
H2O,C2H6
H2O,MGLY
H2O,MP
H2O,MP
H2O,CO2
H2O,CO2
H2O,CO2
H2O,Br
H2O,Br
H2O,HNO4
H2O,HCFC22
H2O,HNO2
H2O,HCOOH
H2O,HCOOH
H2O,HCOOH
H2O,HCOOH
H2O,HCFC141b
H2O,HCFC123
H2O,R4N1
H2O,CH3I
H2O,CH2OO
H2O,CH2OO
H2O,CH3CHOO
H2O,CH3CHOO
H2O,MEK
O,BrO
O,BrO
O,BrO
O,BrO
O,BrO
O,BrO
O,BrO
O,BrO
O,BrO
O,H2402
O,HBr
O,HBr
O,CFC115
O,HOBr
O,Cl
O,Cl
O,Cl
O,Cl
O,Cl
O,Cl
O,Cl
O,Cl
O,Cl
O,Cl
O,Cl
O,Cl
O,Cl
O,ClO
O,ClO
O,ClO
O,ClO
O,ClO
O,ClO
O,ClO
O,ClO
O,ClO
O,ClO
O,ClO
O,ClO
O,ClO
O,ClO
O,ClO
O,ClO
O,ClO
O,N2O
O,CHBr3
O,CFC12
O,CFC114
O,OClO
O,ClNO3
O,I
O,H
O,H
O,H
O,H
O,IO
O,POx
O,N
O,N
O,N
O,N
O,CH2Br2
O,H1301
O,PCO
O,PCO
O,CO
O,CO
O,O1D
O,O1D
O,O1D
O,O1D
O,O1D
O,O1D
O,O1D
O,O1D
O,O1D
O,O1D
O,O1D
O,O1D
O,O1D
O,O1D
O,O1D
O,O1D
O,O1D
O,O1D
O,O1D
O,O1D
O,O1D
O,CFC113
O,H1211
O,HCFC142b
O,OCS
O,Cl2
O,CCl4
O,CFC11
O,Br
O,Br
O,Br
O,Br
O,Br
O,Br
O,Br
O,Br
O,HCFC22
O,HCFC141b
O,HCFC123
PH2O2,RCHO
PH2O2,RCHO
PH2O2,MCO3
PH2O2,PYAC
PH2O2,KO2
PH2O2,KO2
PH2O2,KO2
PH2O2,MVK
PH2O2,MVK
PH2O2,ISOP
PH2O2,PRPE
PH2O2,MTPA
PH2O2,MTPO
PH2O2,PCO
PH2O2,PCO
PH2O2,PCO
PH2O2,PCO
PH2O2,PCO
PH2O2,CO
PH2O2,CO
PH2O2,CO
PH2O2,CO
PH2O2,CO
PH2O2,OTHRO2
PH2O2,HMHP
PH2O2,HMHP
PH2O2,ALD2
PH2O2,MACR
PH2O2,MACR
PH2O2,MGLY
PH2O2,CO2
PH2O2,LIMO
PH2O2,HCOOH
PH2O2,HCOOH
PH2O2,HCOOH
PH2O2,CH2OO
PH2O2,CH2OO
PH2O2,CH2OO
PH2O2,CH2OO
PH2O2,CH3CHOO
PH2O2,MEK
PH2O2,MEK
CO2,AROMP4
CO2,MCO3
CO2,MCO3
CO2,MCO3
CO2,MCO3
CO2,MCO3
CO2,MCO3
CO2,MCO3
CO2,MCO3
CO2,MCO3
CO2,PYAC
CO2,PYAC
CO2,PYAC
CO2,LCO
CO2,HMML
CO2,Cl
CO2,Cl
CO2,BZCO3
CO2,BZCO3
CO2,BZCO3
CO2,ATOOH
CO2,MVK
CO2,MVK
CO2,MVK
CO2,HAC
CO2,HAC
CO2,HAC
CO2,HAC
CO2,HAC
CO2,HAC
CO2,HAC
CO2,ISOP
CO2,MVKHP
CO2,MVKHP
CO2,ICNOO
CO2,ICNOO
CO2,GLYC
CO2,MCRHNB
CO2,MCRHNB
CO2,MCRHNB
CO2,MACR1OOH
CO2,MACR1OOH
CO2,MACR1OOH
CO2,MCRHN
CO2,IEPOXAOO
CO2,POx
CO2,POx
CO2,POx
CO2,POx
CO2,NPHEN
CO2,MCRHP
CO2,MCRHP
CO2,MCRHP
CO2,BZPAN
CO2,PCO
CO2,PCO
CO2,PCO
CO2,PCO
CO2,PCO
CO2,PCO
CO2,PCO
CO2,PCO
CO2,PCO
CO2,PCO
CO2,PCO
CO2,PCO
CO2,PCO
CO2,ACTA
CO2,ACTA
CO2,ACTA
CO2,ACTA
CO2,CO
CO2,CO
CO2,CO
CO2,CO
CO2,CO
CO2,CO
CO2,CO
CO2,CO
CO2,CO
CO2,CO
CO2,CO
CO2,CO
CO2,CO
CO2,CO
CO2,MACR1OO
CO2,MACR1OO
CO2,MACR1OO
CO2,OCS
CO2,MCRENOL
CO2,BZCO3H
CO2,BZCO3H
CO2,MACR
CO2,MACR
CO2,MACR
CO2,HC5A
CO2,HPALD2OO
CO2,HPALD2OO
CO2,MGLY
CO2,MGLY
CO2,BENZP
CO2,BENZP
CO2,MAP
CO2,ETHLN
CO2,ETHLN
CO2,ETHLN
CO2,IDHPE
CO2,HNO2
CO2,HCOOH
CO2,HCOOH
CO2,HCOOH
CO2,HCOOH
CO2,HCOOH
CO2,IEPOXBOO
CO2,PROPNN
CO2,PROPNN
CO2,PROPNN
CO2,MVKHCB
CO2,CH2OO
CO2,HPALD1OO
CO2,HPALD1OO
CO2,BENZO2
CO2,BENZO2
CO2,BENZO2
CO2,BENZO2
CO2,MACRNO2
CO2,MACRNO2
CO2,MACRNO2
CO2,MACRNO2
CO2,GLYX
LCO,ALD2
LCO,CH2OO
LCO,CH3CHOO
LCO,CO
LCO,CO
LCO,CO
CO,IHPOO2
CO,PYAC
CO,PYAC
CO,PYAC
CO,AROMRO2
CO,AROMRO2
CO,AROMRO2
CO,ACET
CO,HMML
CO,HMML
CO,ATOOH
CO,ATOOH
CO,ATOOH
CO,ATOOH
CO,ATOOH
CO,MVKHP
CO,MVKHP
CO,MVKHP
CO,MVKHP
CO,MVKHP
CO,MVKHP
CO,MVKHP
CO,MVKHP
CO,MVKHP
CO,MVKHP
CO,MVKHP
CO,HAC
CO,HAC
CO,HAC
CO,HAC
CO,HAC
CO,HAC
CO,HAC
CO,HAC
CO,HAC
CO,HAC
CO,HAC
CO,HAC
CO,HAC
CO,HAC
CO,HAC
CO,HAC
CO,HAC
CO,TRO2
CO,MCRHNB
CO,MCRHNB
CO,MCRHNB
CO,MCRHNB
CO,MCRDH
CO,MCRDH
CO,MCRDH
CO,MCRDH
CO,MCRDH
CO,MCRDH
CO,MCRDH
CO,CHCl3
CO,MACR1OOH
CO,MACR1OOH
CO,MTPO
CO,C4HVP2
CO,C4HVP2
CO,OTHRO2
CO,OTHRO2
CO,LISOPOH
CO,LISOPOH
CO,A3O2
CO,ICN
CO,ICN
CO,ICN
CO,ICN
CO,ITCN
CO,ITCN
CO,ETHLN
CO,ETHLN
CO,ETHLN
CO,LIMO
CO,HNO2
CO,CH2OO
CO,CH2OO
CO,CH2OO
CO,CH2OO
CO,CH2OO
CO,MEK
CO,MEK
CO,C2H2
CO,BENZ
CO,RCHO
CO,RCHO
CO,RCHO
CO,RIPB
CO,AROMP4
CO,AROMP4
CO,AROMP4
CO,AROMP4
CO,AROMP4
CO,AROMP4
CO,PHEN
CO,TOLU
CO,KO2
CO,KO2
CO,KO2
CO,ISOP
CO,ISOP
CO,ISOP
CO,PRPE
CO,PRPE
CO,PRPE
CO,IDC
CO,IDC
CO,IDC
CO,IDC
CO,IDC
CO,IDC
CO,MCRHN
CO,MTPA
CO,MCRHP
CO,MCRHP
CO,MCRHP
CO,MCRHP
CO,MCRHP
CO,MCRHP
CO,MCRHP
CO,MCRHP
CO,MCRHP
CO,MCRHP
CO,MCRHP
CO,MCRHP
CO,MCRHP
CO,MCRHP
CO,MCRHP
CO,MCRHP
CO,MVKHC
CO,MVKHC
CO,MVKHC
CO,MVKHC
CO,MVKHC
CO,MVKHC
CO,PCO
CO,PCO
CO,PCO
CO,PCO
CO,PCO
CO,PCO
CO,PCO
CO,PCO
CO,PCO
CO,PCO
CO,PCO
CO,PCO
CO,PCO
CO,PCO
CO,PCO
CO,PCO
CO,PCO
CO,PCO
CO,PCO
CO,PCO
CO,PCO
CO,PCO
CO,PCO
CO,PCO
CO,PCO
CO,PCO
CO,PCO
CO,PCO
CO,PCO
CO,PCO
CO,PCO
CO,PCO
CO,PCO
CO,PCO
CO,PCO
CO,PCO
CO,PCO
CO,PCO
CO,PCO
CO,PCO
CO,PCO
CO,PCO
CO,PCO
CO,PCO
CO,PCO
CO,PCO
CO,PCO
CO,PCO
CO,PCO
CO,PCO
CO,PCO
CO,PCO
CO,PCO
CO,PCO
CO,PCO
CO,PCO
CO,PCO
CO,PCO
CO,PCO
CO,PCO
CO,PCO
CO,PCO
CO,PCO
CO,PCO
CO,PCO
CO,PCO
CO,PCO
CO,PCO
CO,PCO
CO,PCO
CO,PCO
CO,PCO
CO,PCO
CO,PCO
CO,PCO
CO,PCO
CO,PCO
CO,PCO
CO,PCO
CO,PCO
CO,PCO
CO,PCO
CO,PCO
CO,PCO
CO,PCO
CO,PCO
CO,PCO
CO,PCO
CO,PCO
CO,PCO
CO,PCO
CO,PCO
CO,PCO
CO,PCO
CO,PCO
CO,PCO
CO,PCO
CO,PCO
CO,PCO
CO,PCO
CO,PCO
CO,PCO
CO,PCO
CO,PCO
CO,PCO
CO,PCO
CO,PCO
CO,PCO
CO,PCO
CO,PCO
CO,PCO
CO,PCO
CO,PCO
CO,PCO
CO,PCO
CO,PCO
CO,PCO
CO,PCO
CO,PCO
CO,PCO
CO,PCO
CO,PCO
CO,PCO
CO,PCO
CO,XYLE
CO,HPETHNL
CO,HPETHNL
CO,HPETHNL
CO,HPETHNL
CO,HPETHNL
CO,MVKPC
CO,MVKPC
CO,MVKPC
CO,MVKPC
CO,MVKPC
CO,MVKPC
CO,MVKPC
CO,MVKPC
CO,MCRENOL
CO,MCRENOL
CO,MCRENOL
CO,MCRENOL
CO,MCRENOL
CO,CH4
CO,CH4
CO,IHOO1
CO,IHOO1
CO,IHOO1
CO,IHOO1
CO,IHOO1
CO,IHOO1
CO,IHOO1
CO,HPALD1
CO,HPALD1
CO,HPALD1
CO,HPALD1
CO,HPALD1
CO,PROPNN
CO,PROPNN
CO,PROPNN
CO,PROPNN
CO,PROPNN
CO,CH3CHOO
CO,CH3CHOO
CO,RCO3
CO,RCO3
CO,BALD
CO,BALD
CO,BALD
CO,MCO3
CO,MCO3
CO,MCO3
CO,MCO3
CO,MCO3
CO,MCO3
CO,MCO3
CO,MCO3
CO,MCO3
CO,MCO3
CO,MCO3
CO,MCO3
CO,MCO3
CO,MCO3
CO,MCO3
CO,MCO3
CO,MCO3
CO,MCO3
CO,MCO3
CO,MCO3
CO,MCO3
CO,ICHOO
CO,ICHOO
CO,ICHOO
CO,ICHOO
CO,CH3Cl
CO,MVKDH
CO,MVKDH
CO,MVKDH
CO,MVKDH
CO,MVKDH
CO,LVOC
CO,LVOC
CO,LVOC
CO,LVOC
CO,IHOO4
CO,IHOO4
CO,IHOO4
CO,IHOO4
CO,IHOO4
CO,IHOO4
CO,IHOO4
CO,MVK
CO,MVK
CO,MVK
CO,MVK
CO,MVK
CO,MVK
CO,MVK
CO,MVK
CO,MVK
CO,MVK
CO,BENZO2
CO,ICNOO
CO,ICNOO
CO,ICNOO
CO,HPALD4
CO,HPALD4
CO,HPALD4
CO,HPALD4
CO,HPALD4
CO,B3O2
CO,IEPOXAOO
CO,IEPOXAOO
CO,IEPOXAOO
CO,IEPOXAOO
CO,IEPOXAOO
CO,POx
CO,CSL
CO,CSL
CO,XRO2
CO,AROMP5
CO,AROMP5
CO,AROMP5
CO,AROMP5
CO,MACR
CO,MACR
CO,MACR
CO,MACR
CO,MACR
CO,MACR
CO,MACR
CO,MACR
CO,MACR
CO,MACR
CO,HPALD2OO
CO,MOH
CO,IHPOO1
CO,Br
CO,ICHE
CO,ICHE
CO,ICHE
CO,ICHE
CO,ICHE
CO,IHN1
CO,IHN1
CO,IEPOXBOO
CO,IEPOXBOO
CO,IEPOXBOO
CO,IEPOXBOO
CO,IEPOXBOO
CO,MVKHCB
CO,MVKHCB
CO,MVKHCB
CO,MVKHCB
CO,MVKHCB
CO,MVKHCB
CO,HPALD1OO
CO,IHN4
CO,IHN4
CO,ICPDH
CO,ICPDH
CO,ICPDH
CO,ICPDH
CO,ICPDH
CO,ICPDH
CO,RIPA
CO,HBr
CO,Cl
CO,Cl
CO,Cl
CO,Cl
CO,GLYC
CO,GLYC
CO,GLYC
CO,GLYC
CO,GLYC
CO,GLYC
CO,GLYC
CO,GLYC
CO,H
CO,NPHEN
CO,ACTA
CO,ACTA
CO,ACTA
CO,HPALD2
CO,HPALD2
CO,HPALD2
CO,HPALD2
CO,HPALD2
CO,MACR1OO
CO,MACR1OO
CO,MACR1OO
CO,MACR1OO
CO,BRO2
CO,ALD2
CO,ALD2
CO,ALD2
CO,ALD2
CO,ALD2
CO,OCS
CO,OCS
CO,CH2Cl2
CO,MVKN
CO,MVKN
CO,HPALD3
CO,HPALD3
CO,HPALD3
CO,HPALD3
CO,HPALD3
CO,RIPC
CO,HC5A
CO,HC5A
CO,HC5A
CO,HC5A
CO,HC5A
CO,HC5A
CO,HC5A
CO,HC5A
CO,HC5A
CO,HC5A
CO,HC5A
CO,HC5A
CO,RIPD
CO,MCROHOO
CO,MCROHOO
CO,MCROHOO
CO,MCROHOO
CO,MGLY
CO,MGLY
CO,MGLY
CO,MGLY
CO,MGLY
CO,MGLY
CO,MGLY
CO,MGLY
CO,MGLY
CO,MGLY
CO,MGLY
CO,MGLY
CO,MGLY
CO,MGLY
CO,MGLY
CO,MGLY
CO,MGLY
CO,MGLY
CO,MGLY
CO,MGLY
CO,MGLY
CO,MGLY
CO,MGLY
CO,MGLY
CO,MGLY
CO,MGLY
CO,MGLY
CO,MGLY
CO,MGLY
CO,MGLY
CO,IEPOXD
CO,IEPOXD
CO,MPAN
CO,HCOOH
CO,HCOOH
CO,HCOOH
CO,HCOOH
CO,HCOOH
CO,HCOOH
CO,HCOOH
CO,HCOOH
CO,HCOOH
CO,HCOOH
CO,IDCHP
CO,IDCHP
CO,C4HVP1
CO,C4HVP1
CO,GLYX
CO,GLYX
CO,GLYX
CO,GLYX
CO,GLYX
CO,GLYX
CO,GLYX
CO,GLYX
CO,GLYX
CO,GLYX
CO,GLYX
CO,GLYX
CO,GLYX
CO,GLYX
CO,GLYX
CO,GLYX
CO,GLYX
CO,GLYX
LCH4,O1D
LCH4,O1D
LCH4,O1D
LCH4,H
LCH4,CH4
LCH4,CH4
LCH4,CH4
LCH4,CH4
LCH4,CH4
LCH4,Cl
CH4,O1D
CH4,O1D
CH4,O1D
CH4,Cl
CH4,ALD2
CH4,ALD2
CH4,H
CH4,PRPE
CH4,CH2OO
CH4,CH3CHOO
CH4,PCO
CH4,PCO
MP,Cl
MOH,RCHO
MOH,RCHO
MOH,RCHO
MOH,RCHO
MOH,RCHO
MOH,RCHO
MOH,RCHO
MOH,PRN1
MOH,MCO3
MOH,MCO3
MOH,LIMO2
MOH,INO2D
MOH,INPB
MOH,EOH
MOH,EOH
MOH,ACET
MOH,ACET
MOH,OLND
MOH,PO2
MOH,Cl
MOH,MVK
MOH,ETO2
MOH,HAC
MOH,HAC
MOH,KO2
MOH,R4O2
MOH,R4O2
MOH,GLYC
MOH,GLYC
MOH,ETHP
MOH,B3O2
MOH,B3O2
MOH,PRPE
MOH,INA
MOH,ROH
MOH,ROH
MOH,ROH
MOH,ROH
MOH,ROH
MOH,ROH
MOH,ROH
MOH,ROH
MOH,ROH
MOH,ROH
MOH,MONITU
MOH,INO2B
MOH,PIO2
MOH,PCO
MOH,OTHRO2
MOH,OTHRO2
MOH,ETOO
MOH,MONITS
MOH,ALD2
MOH,ALD2
MOH,ALD2
MOH,ALD2
MOH,ALD2
MOH,ALD2
MOH,ALD2
MOH,ATO2
MOH,A3O2
MOH,A3O2
MOH,MACR
MOH,MACR
MOH,ICN
MOH,ICN
MOH,IHN4
MOH,MGLY
MOH,ETO
MOH,IHN1
MOH,R4N1
MOH,MEK
MOH,MEK
MOH,MEK
MOH,MEK
ATOOH,MCO3
ATOOH,MCO3
ATOOH,MCO3
ATOOH,IHPOO2
ATOOH,IHPOO2
ATOOH,IHPOO2
ATOOH,LVOC
ATOOH,IHOO4
ATOOH,IHOO4
ATOOH,KO2
ATOOH,MVKHP
ATOOH,MVKHP
ATOOH,MVKHP
ATOOH,MVKHP
ATOOH,ISOP
ATOOH,HAC
ATOOH,HAC
ATOOH,HAC
ATOOH,HAC
ATOOH,MCRHNB
ATOOH,MCRHNB
ATOOH,MCRHNB
ATOOH,MCRHNB
ATOOH,GLYC
ATOOH,GLYC
ATOOH,GLYC
ATOOH,GLYC
ATOOH,GLYC
ATOOH,HPALD4
ATOOH,HPALD4
ATOOH,HPALD4
ATOOH,IDHDP
ATOOH,MCRHP
ATOOH,MCRHP
ATOOH,MCRHP
ATOOH,MCRHP
ATOOH,PCO
ATOOH,PCO
ATOOH,PCO
ATOOH,PCO
ATOOH,PCO
ATOOH,HPALD2
ATOOH,HPALD2
ATOOH,HPALD2
ATOOH,IHPNDOO
ATOOH,IHPNDOO
ATOOH,HPETHNL
ATOOH,HPETHNL
ATOOH,HPETHNL
ATOOH,HPETHNL
ATOOH,HPETHNL
ATOOH,LISOPOH
ATOOH,ALD2
ATOOH,ATO2
ATOOH,ATO2
ATOOH,MVKN
ATOOH,MVKN
ATOOH,MVKN
ATOOH,MVKN
ATOOH,MACR
ATOOH,ITHN
ATOOH,ITHN
ATOOH,ITHN
ATOOH,RIPD
ATOOH,HC5A
ATOOH,MCROHOO
ATOOH,MGLY
ATOOH,MGLY
ATOOH,MGLY
ATOOH,MGLY
ATOOH,IEPOXD
ATOOH,ETHLN
ATOOH,ETHLN
ATOOH,ETHLN
ATOOH,ETHLN
ATOOH,IHPNBOO
ATOOH,IHPNBOO
ATOOH,PROPNN
ATOOH,PROPNN
ATOOH,PROPNN
ATOOH,PROPNN
ATO2,MGLY
ATO2,MGLY
ATO2,HAC
ATO2,HBr
ATO2,MCO3
ATO2,MCO3
ATO2,MCO3
ATO2,MCO3
ATO2,MCO3
ATO2,Br
ATO2,ACET
ATO2,ACET
ATO2,ACET
ATO2,ACTA
ATO2,Cl
MGLY,IHPOO2
MGLY,PYAC
MGLY,PYAC
MGLY,PYAC
MGLY,PYAC
MGLY,AROMRO2
MGLY,AROMRO2
MGLY,HMML
MGLY,MVKHP
MGLY,MVKHP
MGLY,MVKHP
MGLY,MVKHP
MGLY,HAC
MGLY,HAC
MGLY,HAC
MGLY,HAC
MGLY,HAC
MGLY,HAC
MGLY,HAC
MGLY,HAC
MGLY,TRO2
MGLY,MCRDH
MGLY,LISOPOH
MGLY,LISOPOH
MGLY,ITCN
MGLY,CH2OO
MGLY,CH2OO
MGLY,RCHO
MGLY,AROMP4
MGLY,AROMP4
MGLY,TOLU
MGLY,ISOP
MGLY,ISOP
MGLY,IDC
MGLY,IDC
MGLY,MCRHP
MGLY,MCRHP
MGLY,MCRHP
MGLY,MCRHP
MGLY,MVKHC
MGLY,PCO
MGLY,PCO
MGLY,PCO
MGLY,PCO
MGLY,PCO
MGLY,PCO
MGLY,PCO
MGLY,PCO
MGLY,PCO
MGLY,PCO
MGLY,PCO
MGLY,PCO
MGLY,PCO
MGLY,PCO
MGLY,PCO
MGLY,PCO
MGLY,PCO
MGLY,PCO
MGLY,PCO
MGLY,PCO
MGLY,PCO
MGLY,PCO
MGLY,PCO
MGLY,PCO
MGLY,PCO
MGLY,PCO
MGLY,PCO
MGLY,PCO
MGLY,PCO
MGLY,PCO
MGLY,XYLE
MGLY,HPETHNL
MGLY,HPETHNL
MGLY,HPETHNL
MGLY,MVKPC
MGLY,MVKPC
MGLY,SOAGX
MGLY,MCRENOL
MGLY,MCRENOL
MGLY,IHOO1
MGLY,IHOO1
MGLY,HPALD1
MGLY,HPALD1
MGLY,HPALD1
MGLY,HPALD1
MGLY,PROPNN
MGLY,RCO3
MGLY,BALD
MGLY,BALD
MGLY,MCO3
MGLY,MCO3
MGLY,MCO3
MGLY,MCO3
MGLY,MCO3
MGLY,MCO3
MGLY,MCO3
MGLY,MCO3
MGLY,MCO3
MGLY,MCO3
MGLY,MCO3
MGLY,MCO3
MGLY,MCO3
MGLY,MCO3
MGLY,MCO3
MGLY,MCO3
MGLY,MCO3
MGLY,MCO3
MGLY,MCO3
MGLY,MVKDH
MGLY,MVKDH
MGLY,LVOC
MGLY,LVOC
MGLY,IHOO4
MGLY,IHOO4
MGLY,MVK
MGLY,MVK
MGLY,MVK
MGLY,MVK
MGLY,R4O2
MGLY,HPALD4
MGLY,HPALD4
MGLY,HPALD4
MGLY,IEPOXAOO
MGLY,IEPOXAOO
MGLY,IEPOXAOO
MGLY,CSL
MGLY,CSL
MGLY,XRO2
MGLY,MVKOHOO
MGLY,MVKOHOO
MGLY,AROMP5
MGLY,AROMP5
MGLY,AROMP5
MGLY,AROMP5
MGLY,AROMP5
MGLY,MACR
MGLY,MACR
MGLY,HPALD2OO
MGLY,IHPOO1
MGLY,ICHE
MGLY,ICHE
MGLY,ICHE
MGLY,IEPOXBOO
MGLY,MVKHCB
MGLY,MVKHCB
MGLY,MVKHCB
MGLY,MVKHCB
MGLY,MVKHCB
MGLY,HPALD1OO
MGLY,ICPDH
MGLY,ICPDH
MGLY,GLYC
MGLY,GLYC
MGLY,GLYC
MGLY,GLYC
MGLY,GLYC
MGLY,GLYC
MGLY,GLYC
MGLY,GLYC
MGLY,GLYC
MGLY,ACTA
MGLY,ACTA
MGLY,ACTA
MGLY,HPALD2
MGLY,HPALD2
MGLY,HPALD2
MGLY,HPALD2
MGLY,MVKN
MGLY,HPALD3
MGLY,HPALD3
MGLY,HPALD3
MGLY,RIPC
MGLY,HC5A
MGLY,HC5A
MGLY,HC5A
MGLY,RIPD
MGLY,MCROHOO
MGLY,MCROHOO
MGLY,IEPOXD
MGLY,IEPOXD
MGLY,IDHPE
MGLY,HCOOH
MGLY,HCOOH
MGLY,HCOOH
MGLY,HCOOH
MGLY,HCOOH
MGLY,GLYX
MGLY,GLYX
MGLY,GLYX
MGLY,GLYX
MGLY,GLYX
MGLY,GLYX
MGLY,GLYX
PCO,IHPOO2
PCO,PYAC
PCO,PYAC
PCO,PYAC
PCO,AROMRO2
PCO,AROMRO2
PCO,AROMRO2
PCO,ACET
PCO,HMML
PCO,HMML
PCO,MVKHP
PCO,MVKHP
PCO,MVKHP
PCO,MVKHP
PCO,MVKHP
PCO,MVKHP
PCO,MVKHP
PCO,MVKHP
PCO,MVKHP
PCO,MVKHP
PCO,MVKHP
PCO,HAC
PCO,HAC
PCO,HAC
PCO,HAC
PCO,HAC
PCO,HAC
PCO,HAC
PCO,HAC
PCO,HAC
PCO,HAC
PCO,HAC
PCO,HAC
PCO,HAC
PCO,HAC
PCO,HAC
PCO,HAC
PCO,HAC
PCO,TRO2
PCO,MCRHNB
PCO,MCRHNB
PCO,MCRHNB
PCO,MCRHNB
PCO,MCRDH
PCO,MCRDH
PCO,MCRDH
PCO,MCRDH
PCO,MCRDH
PCO,MCRDH
PCO,MCRDH
PCO,CHCl3
PCO,MACR1OOH
PCO,MACR1OOH
PCO,MTPO
PCO,C4HVP2
PCO,C4HVP2
PCO,OTHRO2
PCO,OTHRO2
PCO,LISOPOH
PCO,LISOPOH
PCO,A3O2
PCO,ICN
PCO,ICN
PCO,ICN
PCO,ICN
PCO,ITCN
PCO,ITCN
PCO,ETHLN
PCO,ETHLN
PCO,ETHLN
PCO,LIMO
PCO,HNO2
PCO,CH2OO
PCO,CH2OO
PCO,CH2OO
PCO,CH2OO
PCO,MEK
PCO,MEK
PCO,C2H2
PCO,BENZ
PCO,RCHO
PCO,RCHO
PCO,RCHO
PCO,RIPB
PCO,AROMP4
PCO,AROMP4
PCO,AROMP4
PCO,AROMP4
PCO,AROMP4
PCO,AROMP4
PCO,PHEN
PCO,TOLU
PCO,KO2
PCO,KO2
PCO,KO2
PCO,ISOP
PCO,ISOP
PCO,ISOP
PCO,PRPE
PCO,PRPE
PCO,PRPE
PCO,IDC
PCO,IDC
PCO,IDC
PCO,IDC
PCO,IDC
PCO,IDC
PCO,MCRHN
PCO,MTPA
PCO,MCRHP
PCO,MCRHP
PCO,MCRHP
PCO,MCRHP
PCO,MCRHP
PCO,MCRHP
PCO,MCRHP
PCO,MCRHP
PCO,MCRHP
PCO,MCRHP
PCO,MCRHP
PCO,MCRHP
PCO,MCRHP
PCO,MCRHP
PCO,MCRHP
PCO,MCRHP
PCO,MVKHC
PCO,MVKHC
PCO,MVKHC
PCO,MVKHC
PCO,MVKHC
PCO,MVKHC
PCO,XYLE
PCO,HPETHNL
PCO,HPETHNL
PCO,HPETHNL
PCO,HPETHNL
PCO,HPETHNL
PCO,MVKPC
PCO,MVKPC
PCO,MVKPC
PCO,MVKPC
PCO,MVKPC
PCO,MVKPC
PCO,MVKPC
PCO,MVKPC
PCO,MCRENOL
PCO,MCRENOL
PCO,MCRENOL
PCO,MCRENOL
PCO,MCRENOL
PCO,IHOO1
PCO,IHOO1
PCO,IHOO1
PCO,IHOO1
PCO,IHOO1
PCO,IHOO1
PCO,IHOO1
PCO,HPALD1
PCO,HPALD1
PCO,HPALD1
PCO,HPALD1
PCO,HPALD1
PCO,PROPNN
PCO,PROPNN
PCO,PROPNN
PCO,PROPNN
PCO,PROPNN
PCO,CH3CHOO
PCO,RCO3
PCO,RCO3
PCO,BALD
PCO,BALD
PCO,BALD
PCO,MCO3
PCO,MCO3
PCO,MCO3
PCO,MCO3
PCO,MCO3
PCO,MCO3
PCO,MCO3
PCO,MCO3
PCO,MCO3
PCO,MCO3
PCO,MCO3
PCO,MCO3
PCO,MCO3
PCO,MCO3
PCO,MCO3
PCO,MCO3
PCO,MCO3
PCO,MCO3
PCO,MCO3
PCO,MCO3
PCO,MCO3
PCO,ICHOO
PCO,ICHOO
PCO,ICHOO
PCO,ICHOO
PCO,CH3Cl
PCO,MVKDH
PCO,MVKDH
PCO,MVKDH
PCO,MVKDH
PCO,MVKDH
PCO,LVOC
PCO,LVOC
PCO,LVOC
PCO,LVOC
PCO,IHOO4
PCO,IHOO4
PCO,IHOO4
PCO,IHOO4
PCO,IHOO4
PCO,IHOO4
PCO,IHOO4
PCO,MVK
PCO,MVK
PCO,MVK
PCO,MVK
PCO,MVK
PCO,MVK
PCO,MVK
PCO,MVK
PCO,MVK
PCO,MVK
PCO,BENZO2
PCO,ICNOO
PCO,ICNOO
PCO,ICNOO
PCO,HPALD4
PCO,HPALD4
PCO,HPALD4
PCO,HPALD4
PCO,HPALD4
PCO,B3O2
PCO,IEPOXAOO
PCO,IEPOXAOO
PCO,IEPOXAOO
PCO,IEPOXAOO
PCO,IEPOXAOO
PCO,POx
PCO,CSL
PCO,CSL
PCO,XRO2
PCO,AROMP5
PCO,AROMP5
PCO,AROMP5
PCO,AROMP5
PCO,MACR
PCO,MACR
PCO,MACR
PCO,MACR
PCO,MACR
PCO,MACR
PCO,MACR
PCO,MACR
PCO,MACR
PCO,MACR
PCO,HPALD2OO
PCO,IHPOO1
PCO,Br
PCO,ICHE
PCO,ICHE
PCO,ICHE
PCO,ICHE
PCO,ICHE
PCO,IHN1
PCO,IHN1
PCO,IEPOXBOO
PCO,IEPOXBOO
PCO,IEPOXBOO
PCO,IEPOXBOO
PCO,IEPOXBOO
PCO,MVKHCB
PCO,MVKHCB
PCO,MVKHCB
PCO,MVKHCB
PCO,MVKHCB
PCO,MVKHCB
PCO,HPALD1OO
PCO,IHN4
PCO,IHN4
PCO,ICPDH
PCO,ICPDH
PCO,ICPDH
PCO,ICPDH
PCO,ICPDH
PCO,ICPDH
PCO,RIPA
PCO,HBr
PCO,Cl
PCO,Cl
PCO,Cl
PCO,Cl
PCO,GLYC
PCO,GLYC
PCO,GLYC
PCO,GLYC
PCO,GLYC
PCO,GLYC
PCO,GLYC
PCO,GLYC
PCO,H
PCO,NPHEN
PCO,ACTA
PCO,ACTA
PCO,ACTA
PCO,HPALD2
PCO,HPALD2
PCO,HPALD2
PCO,HPALD2
PCO,HPALD2
PCO,MACR1OO
PCO,MACR1OO
PCO,MACR1OO
PCO,MACR1OO
PCO,BRO2
PCO,ALD2
PCO,ALD2
PCO,ALD2
PCO,ALD2
PCO,OCS
PCO,OCS
PCO,CH2Cl2
PCO,MVKN
PCO,MVKN
PCO,HPALD3
PCO,HPALD3
PCO,HPALD3
PCO,HPALD3
PCO,HPALD3
PCO,RIPC
PCO,HC5A
PCO,HC5A
PCO,HC5A
PCO,HC5A
PCO,HC5A
PCO,HC5A
PCO,HC5A
PCO,HC5A
PCO,HC5A
PCO,HC5A
PCO,HC5A
PCO,HC5A
PCO,RIPD
PCO,MCROHOO
PCO,MCROHOO
PCO,MCROHOO
PCO,MCROHOO
PCO,IEPOXD
PCO,IEPOXD
PCO,MPAN
PCO,HCOOH
PCO,HCOOH
PCO,HCOOH
PCO,HCOOH
PCO,HCOOH
PCO,HCOOH
PCO,HCOOH
PCO,HCOOH
PCO,HCOOH
PCO,HCOOH
PCO,IDCHP
PCO,IDCHP
PCO,C4HVP1
PCO,C4HVP1
PCO,GLYX
PCO,GLYX
PCO,GLYX
PCO,GLYX
PCO,GLYX
PCO,GLYX
PCO,GLYX
PCO,GLYX
PCO,GLYX
PCO,GLYX
PCO,GLYX
PCO,GLYX
PCO,GLYX
PCO,GLYX
PCO,GLYX
PCO,GLYX
PCO,GLYX
PCO,GLYX
HNO2,AROMP4
HNO2,HBr
HNO2,BrCl
HNO2,BrCl
HNO2,BrCl
HNO2,NPHEN
HNO2,Cl2
HNO2,Cl2
HNO2,Cl2
HNO2,ClNO2
HNO2,ClNO2
HNO2,ClNO2
HNO2,ClNO2
HNO2,ClNO2
HNO2,ClNO2
HNO2,IONO
HNO2,IONO
HNO2,IONO
HNO2,IONO
HNO2,BrSALA
HNO2,BrSALA
HNO2,IBr
HNO2,IBr
HNO2,BrSALC
HNO2,BrSALC
HNO2,ICl
HNO2,ICl
N2O5,ClNO2
N2O5,ClNO2
N2O5,ClNO2
HCOOH,RCHO
HCOOH,RCO3
HCOOH,RCO3
HCOOH,AROMP4
HCOOH,AROMP4
HCOOH,MCO3
HCOOH,MCO3
HCOOH,MCO3
HCOOH,PYAC
HCOOH,PYAC
HCOOH,ACET
HCOOH,HMML
HCOOH,Cl
HCOOH,KO2
HCOOH,HAC
HCOOH,GLYC
HCOOH,GLYC
HCOOH,GLYC
HCOOH,GLYC
HCOOH,PRPE
HCOOH,C2H2
HCOOH,MONITU
HCOOH,ACTA
HCOOH,ACTA
HCOOH,ACTA
HCOOH,PIO2
HCOOH,OTHRO2
HCOOH,HMHP
HCOOH,HMHP
HCOOH,HMHP
HCOOH,MONITS
HCOOH,MCRENOL
HCOOH,MVKN
HCOOH,AROMP5
HCOOH,AROMP5
HCOOH,MACR
HCOOH,LIMO
HCOOH,MVKHCB
HCOOH,MVKHCB
HCOOH,CH2OO
HCOOH,CH2OO
HCOOH,MEK
HCOOH,GLYX
HCOOH,GLYX
HCOOH,GLYX
HCOOH,GLYX
MCO3,PYAC
MCO3,PYAC
MCO3,PYAC
MCO3,PYAC
MCO3,PYAC
MCO3,PYAC
MCO3,AROMRO2
MCO3,INO2D
MCO3,ACET
MCO3,ACET
MCO3,ACET
MCO3,ACET
MCO3,HMML
MCO3,HMML
MCO3,MVKHP
MCO3,MVKHP
MCO3,HAC
MCO3,HAC
MCO3,HAC
MCO3,HAC
MCO3,MACR1OOH
MCO3,MACR1OOH
MCO3,MACR1OOH
MCO3,INA
MCO3,INO2B
MCO3,OTHRO2
MCO3,OTHRO2
MCO3,OTHRO2
MCO3,OTHRO2
MCO3,OTHRO2
MCO3,LISOPOH
MCO3,A3O2
MCO3,A3O2
MCO3,A3O2
MCO3,A3O2
MCO3,A3O2
MCO3,ICN
MCO3,ETHLN
MCO3,ETHLN
MCO3,R4N1
MCO3,R4N1
MCO3,CH2OO
MCO3,CH2OO
MCO3,MEK
MCO3,MEK
MCO3,MEK
MCO3,MEK
MCO3,MEK
MCO3,MEK
MCO3,MEK
MCO3,RCHO
MCO3,RCHO
MCO3,RCHO
MCO3,RCHO
MCO3,RCHO
MCO3,RCHO
MCO3,RCHO
MCO3,RCHO
MCO3,RCHO
MCO3,KO2
MCO3,KO2
MCO3,KO2
MCO3,KO2
MCO3,KO2
MCO3,ETO2
MCO3,ETO2
MCO3,ISOP
MCO3,PRPE
MCO3,ROH
MCO3,MVKHC
MCO3,MVKHC
MCO3,MVKHC
MCO3,MONITU
MCO3,PIO2
MCO3,HPETHNL
MCO3,HPETHNL
MCO3,HPETHNL
MCO3,MVKPC
MCO3,MCRENOL
MCO3,MCRENOL
MCO3,IHOO1
MCO3,IHOO1
MCO3,HPALD1
MCO3,HPALD1
MCO3,HPALD1
MCO3,PROPNN
MCO3,RCO3
MCO3,RCO3
MCO3,R4N2
MCO3,OLND
MCO3,PO2
MCO3,PO2
MCO3,LVOC
MCO3,MVK
MCO3,MVK
MCO3,MVK
MCO3,R4O2
MCO3,R4O2
MCO3,R4O2
MCO3,B3O2
MCO3,B3O2
MCO3,B3O2
MCO3,B3O2
MCO3,B3O2
MCO3,POx
MCO3,POx
MCO3,MVKOHOO
MCO3,MVKOHOO
MCO3,MACR
MCO3,MACR
MCO3,MACR
MCO3,MACR
MCO3,IHPOO1
MCO3,Br
MCO3,OLNN
MCO3,MVKHCB
MCO3,MVKHCB
MCO3,MVKHCB
MCO3,HBr
MCO3,PRN1
MCO3,PRN1
MCO3,LIMO2
MCO3,GLYC
MCO3,GLYC
MCO3,GLYC
MCO3,GLYC
MCO3,ACTA
MCO3,ACTA
MCO3,ACTA
MCO3,ACTA
MCO3,ACTA
MCO3,ACTA
MCO3,ACTA
MCO3,ACTA
MCO3,ACTA
MCO3,ACTA
MCO3,ACTA
MCO3,ACTA
MCO3,MACR1OO
MCO3,MACR1OO
MCO3,MACR1OO
MCO3,MONITS
MCO3,ALD2
MCO3,ALD2
MCO3,ALD2
MCO3,ALD2
MCO3,ALD2
MCO3,ALD2
MCO3,ALD2
MCO3,ALD2
MCO3,ALD2
MCO3,ALD2
MCO3,ALD2
MCO3,ALD2
MCO3,ALD2
MCO3,ALD2
MCO3,ALD2
MCO3,ALD2
MCO3,MVKN
MCO3,MVKN
MCO3,HPALD3
MCO3,HPALD3
MCO3,HPALD3
MCO3,RIPC
MCO3,HC5A
MCO3,PAN
MCO3,PAN
MCO3,PAN
MCO3,IEPOXD
MCO3,MAP
MCO3,MAP
MCO3,GLYX
MCO3,GLYX
MCO3,GLYX
ALD2,RCHO
ALD2,RCHO
ALD2,RCHO
ALD2,RCHO
ALD2,RCHO
ALD2,RCHO
ALD2,RCHO
ALD2,RCHO
ALD2,RCHO
ALD2,HBr
ALD2,R4N2
ALD2,R4N2
ALD2,PRN1
ALD2,PRN1
ALD2,PRN1
ALD2,ETP
ALD2,ETP
ALD2,EOH
ALD2,EOH
ALD2,EOH
ALD2,EOH
ALD2,EOH
ALD2,EOH
ALD2,ACET
ALD2,ACET
ALD2,ACET
ALD2,ACET
ALD2,RP
ALD2,PO2
ALD2,PO2
ALD2,PO2
ALD2,Cl
ALD2,Cl
ALD2,Cl
ALD2,ClO
ALD2,ClO
ALD2,ETO2
ALD2,ETO2
ALD2,ETO2
ALD2,ETO2
ALD2,ETO2
ALD2,ETO2
ALD2,ETO2
ALD2,KO2
ALD2,KO2
ALD2,KO2
ALD2,KO2
ALD2,HAC
ALD2,R4O2
ALD2,R4O2
ALD2,R4O2
ALD2,R4O2
ALD2,R4O2
ALD2,B3O2
ALD2,B3O2
ALD2,B3O2
ALD2,B3O2
ALD2,PRPE
ALD2,ROH
ALD2,ROH
ALD2,ROH
ALD2,ROH
ALD2,ROH
ALD2,ACTA
ALD2,ACTA
ALD2,OTHRO2
ALD2,OTHRO2
ALD2,OTHRO2
ALD2,OTHRO2
ALD2,OTHRO2
ALD2,OTHRO2
ALD2,OTHRO2
ALD2,OTHRO2
ALD2,OTHRO2
ALD2,OTHRO2
ALD2,OTHRO2
ALD2,OTHRO2
ALD2,PP
ALD2,A3O2
ALD2,A3O2
ALD2,A3O2
ALD2,A3O2
ALD2,ETNO3
ALD2,ETNO3
ALD2,Br
ALD2,R4N1
ALD2,R4N1
ALD2,R4N1
ALD2,CH2OO
ALD2,CH3CHOO
ALD2,CH3CHOO
ALD2,CH3CHOO
ALD2,CH3CHOO
ALD2,CH3CHOO
ALD2,CH3CHOO
ALD2,MEK
ALD2,MEK
ALD2,MEK
ALD2,MEK
ALD2,MEK
C2H6,Cl
C2H6,ETO2
C2H6,ETO2
C2H6,ETO2
C2H6,ETO2
C2H6,HBr
C2H6,Br
ETO2,HBr
ETO2,ETP
ETO2,EOH
ETO2,EOH
ETO2,Cl
ETO2,Cl
ETO2,ClO
ETO2,ACTA
ETO2,ETNO3
ETO2,Br
OTHRO2,RCHO
OTHRO2,RCHO
OTHRO2,RCHO
OTHRO2,RCHO
OTHRO2,RCHO
OTHRO2,RCO3
OTHRO2,RCO3
OTHRO2,RCO3
OTHRO2,RCO3
OTHRO2,RCO3
OTHRO2,R4N2
OTHRO2,ETP
OTHRO2,ETP
OTHRO2,EOH
OTHRO2,EOH
OTHRO2,ACET
OTHRO2,ACET
OTHRO2,ACET
OTHRO2,ACET
OTHRO2,RP
OTHRO2,Cl
OTHRO2,ClO
OTHRO2,KO2
OTHRO2,R4O2
OTHRO2,R4O2
OTHRO2,R4O2
OTHRO2,B3O2
OTHRO2,B3O2
OTHRO2,B3O2
OTHRO2,B3O2
OTHRO2,B3O2
OTHRO2,B3O2
OTHRO2,B3O2
OTHRO2,B3O2
OTHRO2,B3O2
OTHRO2,B3O2
OTHRO2,PRPE
OTHRO2,POx
OTHRO2,ROH
OTHRO2,ACTA
OTHRO2,A3O2
OTHRO2,A3O2
OTHRO2,A3O2
OTHRO2,A3O2
OTHRO2,A3O2
OTHRO2,A3O2
OTHRO2,A3O2
OTHRO2,A3O2
OTHRO2,A3O2
OTHRO2,A3O2
OTHRO2,MACR
OTHRO2,LIMO
OTHRO2,MEK
OTHRO2,MEK
OTHRO2,MEK
OTHRO2,MEK
OTHRO2,MEK
C3H8,HBr
C3H8,Br
C3H8,B3O2
C3H8,B3O2
C3H8,A3O2
C3H8,A3O2
C3H8,A3O2
C3H8,Cl
C3H8,Cl
B3O2,RCHO
B3O2,RCHO
B3O2,RCHO
B3O2,RCHO
B3O2,RCHO
B3O2,RCO3
B3O2,RCO3
B3O2,RCO3
B3O2,RCO3
B3O2,RCO3
B3O2,R4N2
B3O2,ACET
B3O2,ACET
B3O2,ACET
B3O2,ACET
B3O2,ACET
B3O2,ACET
B3O2,ACET
B3O2,ACET
B3O2,ACET
B3O2,RP
B3O2,Cl
B3O2,IPRNO3
B3O2,R4O2
B3O2,R4O2
B3O2,R4O2
B3O2,POx
B3O2,ROH
B3O2,ROH
B3O2,RB3P
B3O2,RB3P
B3O2,ACTA
B3O2,A3O2
B3O2,A3O2
B3O2,A3O2
B3O2,A3O2
B3O2,A3O2
B3O2,A3O2
B3O2,A3O2
B3O2,A3O2
B3O2,A3O2
B3O2,A3O2
B3O2,MEK
B3O2,MEK
B3O2,MEK
B3O2,MEK
B3O2,MEK
A3O2,RCHO
A3O2,RCHO
A3O2,RCHO
A3O2,RCHO
A3O2,RCHO
A3O2,RCHO
A3O2,RCHO
A3O2,RCHO
A3O2,RCHO
A3O2,RCHO
A3O2,RCO3
A3O2,RCO3
A3O2,RCO3
A3O2,RCO3
A3O2,RCO3
A3O2,HBr
A3O2,R4N2
A3O2,NPRNO3
A3O2,ACET
A3O2,ACET
A3O2,ACET
A3O2,ACET
A3O2,RP
A3O2,Cl
A3O2,R4O2
A3O2,R4O2
A3O2,R4O2
A3O2,POx
A3O2,RA3P
A3O2,RA3P
A3O2,ROH
A3O2,ROH
A3O2,ACTA
A3O2,Br
A3O2,MEK
A3O2,MEK
A3O2,MEK
A3O2,MEK
A3O2,MEK
RCHO,RCO3
RCHO,RCO3
RCHO,AROMP4
RCHO,PIP
RCHO,PIP
RCHO,PRN1
RCHO,PRN1
RCHO,LIMO2
RCHO,NPRNO3
RCHO,NPRNO3
RCHO,R4N2
RCHO,ACET
RCHO,ACET
RCHO,ACET
RCHO,ACET
RCHO,ACET
RCHO,OLND
RCHO,OLND
RCHO,OLND
RCHO,OLND
RCHO,OLND
RCHO,OLND
RCHO,PO2
RCHO,PO2
RCHO,KO2
RCHO,KO2
RCHO,HAC
RCHO,HAC
RCHO,HAC
RCHO,R4O2
RCHO,R4O2
RCHO,R4O2
RCHO,R4O2
RCHO,R4O2
RCHO,R4O2
RCHO,R4O2
RCHO,R4O2
RCHO,PRPE
RCHO,PRPN
RCHO,RA3P
RCHO,RA3P
RCHO,ROH
RCHO,ROH
RCHO,ROH
RCHO,ROH
RCHO,ROH
RCHO,ROH
RCHO,ROH
RCHO,ROH
RCHO,MTPA
RCHO,MONITU
RCHO,MONITU
RCHO,MONITU
RCHO,MONITU
RCHO,MONITU
RCHO,MONITU
RCHO,MTPO
RCHO,PIO2
RCHO,PIO2
RCHO,PIO2
RCHO,PIO2
RCHO,ACTA
RCHO,ACTA
RCHO,ACTA
RCHO,ACTA
RCHO,MONITS
RCHO,MONITS
RCHO,MONITS
RCHO,MONITS
RCHO,AROMP5
RCHO,OLNN
RCHO,R4N1
RCHO,R4N1
RCHO,R4N1
RCHO,R4N1
RCHO,R4P
RCHO,R4P
RCHO,MEK
RCHO,MEK
RCHO,MEK
RCHO,MEK
RCHO,MEK
RCHO,MEK
RCHO,MEK
RCHO,MEK
RCHO,MEK
RCHO,MEK
RCHO,MEK
RCHO,MEK
RCHO,MEK
RCHO,MEK
RCHO,MEK
RCHO,MEK
RCHO,MEK
RCHO,MEK
RCHO,GLYX
PO2,HBr
PO2,Cl
PO2,HAC
PO2,HAC
PO2,HAC
PO2,PRPE
PO2,PRPE
PO2,PRPE
PO2,ROH
PO2,ACTA
PO2,PP
PO2,PP
PO2,Br
ALK4,Cl
ALK4,R4O2
ALK4,R4O2
ALK4,R4O2
R4O2,PIP
R4O2,R4N2
R4O2,ACET
R4O2,ACET
R4O2,ACET
R4O2,Cl
R4O2,ROH
R4O2,ROH
R4O2,ACTA
R4O2,AROMP5
R4O2,R4P
R4O2,R4P
R4O2,R4N1
R4O2,R4N1
R4O2,MEK
R4O2,MEK
R4O2,MEK
R4O2,MEK
R4O2,MEK
ACET,HBr
ACET,R4N2
ACET,Cl
ACET,IPRNO3
ACET,IPRNO3
ACET,ROH
ACET,ROH
ACET,RB3P
ACET,RB3P
ACET,MONITU
ACET,PIO2
ACET,ACTA
ACET,MONITS
ACET,Br
ACET,MEK
ACET,MEK
ACET,MEK
ACET,MEK
ACET,MEK
MEK,RCO3
MEK,PIP
MEK,LIMO2
MEK,R4N2
MEK,OLND
MEK,OLND
MEK,OLND
MEK,OLND
MEK,OLND
MEK,OLND
MEK,KO2
MEK,KO2
MEK,KO2
MEK,KO2
MEK,KO2
MEK,KO2
MEK,HAC
MEK,PRPE
MEK,MTPA
MEK,ROH
MEK,ROH
MEK,ROH
MEK,ROH
MEK,MONITU
MEK,MONITU
MEK,MONITU
MEK,MONITU
MEK,MONITU
MEK,MTPO
MEK,PIO2
MEK,PIO2
MEK,PIO2
MEK,PIO2
MEK,ACTA
MEK,ACTA
MEK,MONITS
MEK,MONITS
MEK,MONITS
MEK,MONITS
MEK,MONITS
MEK,OLNN
R4N2,KO2
R4N2,IONITA
R4N2,R4N1
R4N2,R4N1
R4N1,AROMP4
R4N1,AROMP4
R4N1,NPHEN
R4N1,NPHEN
R4N1,ROH
R4N1,ACTA
KO2,PRPE
KO2,MTPA
KO2,ROH
KO2,MTPO
KO2,ACTA
KO2,MACR
KO2,LIMO
PRN1,PRPE
PRN1,PRPN
PRN1,PRPN
PRN1,PROPNN
PRN1,ROH
PRN1,ACTA
ACTA,RCO3
ACTA,Cl
ACTA,HAC
ACTA,HAC
ACTA,GLYC
ACTA,POx
ACTA,AROMP5
ACTA,AROMP5
ACTA,MAP
ACTA,CH3CHOO
RCO3,AROMP4
RCO3,RP
RCO3,RP
RCO3,MVK
RCO3,POx
RCO3,AROMP5
RCO3,PPN
RCO3,PPN
RCO3,GLYX
ROH,LIMO2
ROH,OLND
ROH,HAC
ROH,PRPE
ROH,MONITU
ROH,PIO2
ROH,MONITS
ROH,MACR
HAC,ICPDH
HAC,ICPDH
HAC,ICPDH
HAC,ICPDH
HAC,LIMO2
HAC,ICHOO
HAC,ICHOO
HAC,ICHOO
HAC,HONIT
HAC,HONIT
HAC,HMML
HAC,HMML
HAC,MVK
HAC,MVKHP
HAC,MVKHP
HAC,IDN
HAC,MCRHNB
HAC,MCRHNB
HAC,MCRHNB
HAC,MCRHNB
HAC,MCRHNB
HAC,MCRHNB
HAC,MCRDH
HAC,MCRDH
HAC,MCRDH
HAC,MCRDH
HAC,GLYC
HAC,GLYC
HAC,GLYC
HAC,GLYC
HAC,GLYC
HAC,GLYC
HAC,GLYC
HAC,GLYC
HAC,GLYC
HAC,GLYC
HAC,GLYC
HAC,GLYC
HAC,GLYC
HAC,GLYC
HAC,MACR1OOH
HAC,PRPE
HAC,IDHNBOO
HAC,IDHNBOO
HAC,MCRHN
HAC,MCRHN
HAC,MCRHN
HAC,MCRHN
HAC,MCRHN
HAC,IDHDP
HAC,IDHDP
HAC,IDHDP
HAC,POx
HAC,MCRHP
HAC,MCRHP
HAC,MCRHP
HAC,MCRHP
HAC,MCRHP
HAC,MCRHP
HAC,MCRHP
HAC,MCRHP
HAC,MVKHC
HAC,MVKHC
HAC,INA
HAC,MONITU
HAC,MACR1OO
HAC,PP
HAC,HPETHNL
HAC,HPETHNL
HAC,HPETHNL
HAC,HPETHNL
HAC,HPETHNL
HAC,MVKN
HAC,MVKN
HAC,MVKN
HAC,MVKN
HAC,MVKN
HAC,MVKN
HAC,MVKN
HAC,ISOPNOO1
HAC,ISOPNOO1
HAC,MACR
HAC,ICN
HAC,ITHN
HAC,ITHN
HAC,ITHN
HAC,ITHN
HAC,ITHN
HAC,ITHN
HAC,MCROHOO
HAC,MCROHOO
HAC,MCROHOO
HAC,IDHNDOO2
HAC,IDHNDOO2
HAC,MPAN
HAC,IHPOO3
HAC,IHPOO3
HAC,IHPOO1
HAC,IHPOO1
HAC,ICHE
HAC,ETHLN
HAC,ETHLN
HAC,ETHLN
HAC,ETHLN
HAC,ETHLN
HAC,ETHLN
HAC,ETHLN
HAC,IHPNBOO
HAC,IHPNBOO
HAC,IDHPE
HAC,IEPOXBOO
HAC,IEPOXBOO
HAC,PROPNN
HAC,PROPNN
HAC,PROPNN
HAC,PROPNN
HAC,MVKHCB
HAC,MVKHCB
HAC,MACRNO2
HAC,MACRNO2
HAC,MACRNO2
HAC,MACRNO2
HAC,GLYX
HAC,GLYX
HAC,GLYX
HAC,GLYX
PRPN,PROPNN
EOH,Cl
POx,RP
POx,BZCO3
POx,BENZO2
POx,MACR1OOH
POx,MCRHNB
POx,MCRHN
POx,MACR1OO
POx,BZCO3H
POx,BENZP
POx,MAP
POx,MACRNO2
PRPE,HBr
PRPE,LIMO2
PRPE,LIMO2
PRPE,LIMO2
PRPE,LIMO2
PRPE,Cl
PRPE,MVK
PRPE,MONITU
PRPE,MACR
PRPE,MACR
PRPE,MACR
PRPE,MACR
PRPE,Br
PRPE,LIMO
PRPE,CH2OO
PRPE,CH3CHOO
CH3CHOO,CH2OO
CH2OO,PYAC
CH2OO,MVK
CH2OO,MVK
CH2OO,ISOP
CH2OO,HMHP
CH2OO,HMHP
CH2OO,MACR
CH2OO,MACR
CH2OO,C2H4
GLYX,ICPDH
GLYX,ICPDH
GLYX,AROMP4
GLYX,AROMP4
GLYX,AROMP4
GLYX,AROMP4
GLYX,AROMP4
GLYX,AROMP4
GLYX,AROMP4
GLYX,BALD
GLYX,BALD
GLYX,PYAC
GLYX,AROMRO2
GLYX,AROMRO2
GLYX,AROMRO2
GLYX,AROMRO2
GLYX,MCT
GLYX,PHEN
GLYX,PHEN
GLYX,TOLU
GLYX,MVK
GLYX,MVK
GLYX,TRO2
GLYX,MCRDH
GLYX,MCRDH
GLYX,MCRDH
GLYX,GLYC
GLYX,GLYC
GLYX,GLYC
GLYX,GLYC
GLYX,CSL
GLYX,CSL
GLYX,XYLE
GLYX,HPETHNL
GLYX,BRO2
GLYX,SOAGX
GLYX,MVKPC
GLYX,XRO2
GLYX,MCRENOL
GLYX,AROMP5
GLYX,AROMP5
GLYX,BENZO
GLYX,IDHPE
GLYX,IEPOXBOO
GLYX,IEPOXBOO
GLYX,MVKHCB
GLYX,MVKHCB
GLYX,C2H2
GLYX,BENZ
GLYC,ETHN
GLYC,ICPDH
GLYC,ICPDH
GLYC,ICPDH
GLYC,AROMP4
GLYC,AROMP4
GLYC,IHPOO2
GLYC,IHPOO2
GLYC,MCT
GLYC,MVKDH
GLYC,MVKDH
GLYC,MVKHP
GLYC,MVKHP
GLYC,MVKHP
GLYC,MVKHP
GLYC,MVKHP
GLYC,MVKHP
GLYC,IDN
GLYC,IDN
GLYC,MCRHNB
GLYC,MCRHNB
GLYC,MCRHNB
GLYC,MCRHNB
GLYC,MCRHNB
GLYC,MCRHNB
GLYC,MVK
GLYC,MCRDH
GLYC,ETHP
GLYC,ETHP
GLYC,IDHNBOO
GLYC,IDHNBOO
GLYC,MCRHN
GLYC,MCRHN
GLYC,MCRHN
GLYC,IEPOXAOO
GLYC,IEPOXAOO
GLYC,IDHDP
GLYC,IDHDP
GLYC,IDHDP
GLYC,INA
GLYC,MCRHP
GLYC,MCRHP
GLYC,MCRHP
GLYC,MVKHC
GLYC,ETOO
GLYC,HPETHNL
GLYC,HPETHNL
GLYC,HPETHNL
GLYC,MVKOHOO
GLYC,MVKOHOO
GLYC,MVKN
GLYC,MVKN
GLYC,MVKN
GLYC,MVKN
GLYC,MVKN
GLYC,MVKN
GLYC,AROMP5
GLYC,ISOPNOO1
GLYC,ISOPNOO1
GLYC,MACR
GLYC,ICN
GLYC,ITHN
GLYC,ITHN
GLYC,ITHN
GLYC,ITHN
GLYC,ITHN
GLYC,ITHN
GLYC,IDNOO
GLYC,IDNOO
GLYC,ETO
GLYC,ETO
GLYC,ITCN
GLYC,IHPOO3
GLYC,IHPOO3
GLYC,ETHLN
GLYC,ETHLN
GLYC,ETHLN
GLYC,ETHLN
GLYC,ETHLN
GLYC,ETHLN
GLYC,ETHLN
GLYC,ETHLN
GLYC,IHPNBOO
GLYC,IHPNBOO
GLYC,IDHNDOO1
GLYC,IDHNDOO1
GLYC,IDHPE
GLYC,PROPNN
GLYC,PROPNN
GLYC,PROPNN
GLYC,PROPNN
GLYC,PROPNN
GLYC,PROPNN
GLYC,PROPNN
GLYC,PROPNN
GLYC,MVKHCB
PROPNN,MVKHP
PROPNN,MVKHP
PROPNN,IDN
PROPNN,ICNOO
PROPNN,ICNOO
PROPNN,MCRHNB
PROPNN,MCRHNB
PROPNN,MCRHNB
PROPNN,MCRHNB
PROPNN,MCRHNB
PROPNN,MCRHNB
PROPNN,MCRHNB
PROPNN,MCRHNB
PROPNN,MCRHNB
PROPNN,MCRHNB
PROPNN,IDHNBOO
PROPNN,IDHNBOO
PROPNN,MCRHP
PROPNN,MCRHP
PROPNN,IHPNDOO
PROPNN,IHPNDOO
PROPNN,MACR1OO
PROPNN,HPETHNL
PROPNN,HPETHNL
PROPNN,HPETHNL
PROPNN,HPETHNL
PROPNN,MVKN
PROPNN,MVKN
PROPNN,MVKN
PROPNN,MVKN
PROPNN,MVKN
PROPNN,MVKN
PROPNN,MACR
PROPNN,ITHN
PROPNN,ITHN
PROPNN,ITHN
PROPNN,ITHN
PROPNN,IDNOO
PROPNN,IDNOO
PROPNN,ETHLN
PROPNN,ETHLN
PROPNN,ETHLN
PROPNN,ETHLN
PROPNN,ETHLN
PROPNN,ETHLN
PROPNN,ETHLN
PROPNN,ETHLN
PROPNN,ETHLN
PROPNN,ETHLN
PROPNN,IHPNBOO
PROPNN,IHPNBOO
PROPNN,IDHNDOO1
PROPNN,IDHNDOO1
LVOC,RIPB
LVOC,RIPB
LVOC,RIPB
LVOC,IEPOXA
LVOC,IEPOXA
LVOC,RIPA
LVOC,RIPA
LVOC,RIPA
LVOC,ICHOO
LVOC,IHPOO2
LVOC,IHPOO2
LVOC,LVOCOA
LVOC,IEPOXB
LVOC,IEPOXB
LVOC,IHOO4
LVOC,IHOO4
LVOC,MVK
LVOC,MVKHP
LVOC,HPALD4
LVOC,MCRHP
LVOC,HPALD2
LVOC,HPETHNL
LVOC,HPALD3
LVOC,RIPC
LVOC,MACR
LVOC,IHOO1
LVOC,IHOO1
LVOC,HC5A
LVOC,HC5A
LVOC,RIPD
LVOC,IEPOXD
LVOC,IEPOXD
LVOC,IHPOO3
LVOC,IHPOO3
LVOC,IHPOO1
LVOC,IHPOO1
LVOC,HPALD1
DMS,MSA
BrO,H2402
BrO,HBr
BrO,HOBr
BrO,HOBr
BrO,BrCl
BrO,BrNO3
BrO,BrNO3
BrO,CH3Br
BrO,Cl
BrO,ClO
BrO,ClO
BrO,ClO
BrO,ClO
BrO,CHBr3
BrO,OClO
BrO,I
BrO,I
BrO,H
BrO,IO
BrO,IO
BrO,IO
BrO,ClOO
BrO,CH2Br2
BrO,H1301
BrO,O1D
BrO,O1D
BrO,O1D
BrO,O1D
BrO,O1D
BrO,O1D
BrO,O1D
BrO,H1211
BrO,Br2
BrO,Br
BrO,Br
BrO,Br
BrO,Br
BrO,Br
BrO,Br
BrO,Br
BrO,Br
BrO,Br
BrO,Br
BrO,Br
BrO,Br
BrO,Br
BrO,Br
BrO,Br
BrO,Br
BrO,Br
BrO,Br
BrO,OIO
Br,H2402
Br,H2402
Br,HBr
Br,HBr
Br,HBr
Br,HBr
Br,HBr
Br,HBr
Br,HBr
Br,HBr
Br,HBr
Br,HBr
Br,HOBr
Br,HOBr
Br,BrCl
Br,BrNO3
Br,BrNO3
Br,CH3Br
Br,CH3Br
Br,CH3Br
Br,Cl
Br,Cl
Br,Cl
Br,ClO
Br,ClO
Br,ClO
Br,CHBr3
Br,CHBr3
Br,CHBr3
Br,OClO
Br,I
Br,I
Br,I
Br,I
Br,H
Br,IO
Br,IO
Br,IO
Br,ClOO
Br,CH2Br2
Br,CH2Br2
Br,CH2Br2
Br,H1301
Br,O1D
Br,O1D
Br,O1D
Br,O1D
Br,O1D
Br,O1D
Br,H1211
Br,H1211
Br,BrNO2
Br,BrNO2
Br,Br2
Br,Br2
Br,Br2
Br,IBr
Br,OIO
Br,CH2IBr
HOBr,HBr
HOBr,HBr
HOBr,HBr
HOBr,BrCl
HOBr,BrCl
HOBr,BrCl
HOBr,BrNO3
HOBr,Br2
HOBr,Br2
HOBr,Br2
HOBr,Br2
HOBr,BrSALA
HOBr,BrSALA
HOBr,BrSALC
HOBr,BrSALC
HBr,BrCl
HBr,BrCl
HBr,BrCl
HBr,ClNO3
HBr,H
HBr,HOCl
HBr,O1D
HBr,ClNO2
HBr,Br2
HBr,BrSALA
HBr,BrSALC
Br2,BrSALA
Br2,BrSALC
Br2,BrNO3
BrNO3,BrCl
CHBr3,O1D
CH2Br2,O1D
CH3Br,O1D
O1D,H2402
O1D,CFC115
O1D,Cl
O1D,Cl
O1D,Cl
O1D,Cl
O1D,Cl
O1D,Cl
O1D,Cl
O1D,Cl
O1D,Cl
O1D,Cl
O1D,Cl
O1D,ClO
O1D,ClO
O1D,ClO
O1D,ClO
O1D,ClO
O1D,ClO
O1D,ClO
O1D,ClO
O1D,ClO
O1D,ClO
O1D,ClO
O1D,ClO
O1D,ClO
O1D,N2O
O1D,N2O
O1D,N2O
O1D,CFC12
O1D,CFC114
O1D,H
O1D,H
O1D,H
O1D,H
O1D,H1301
O1D,CFC113
O1D,H1211
O1D,HCFC142b
O1D,Cl2
O1D,CCl4
O1D,CFC11
O1D,HCFC22
O1D,HCFC141b
O1D,HCFC123
H,ClO
H,Cl
H,Cl
N2O,N
ClO,CFC115
ClO,BrCl
ClO,Cl
ClO,Cl
ClO,Cl
ClO,Cl
ClO,Cl
ClO,Cl
ClO,Cl
ClO,Cl
ClO,Cl
ClO,Cl
ClO,Cl
ClO,Cl
ClO,Cl
ClO,Cl
ClO,Cl
ClO,Cl
ClO,Cl
ClO,Cl
ClO,Cl
ClO,Cl
ClO,Cl
ClO,Cl
ClO,Cl
ClO,Cl
ClO,CFC12
ClO,CFC114
ClO,OClO
ClO,OClO
ClO,OClO
ClO,OClO
ClO,ClNO3
ClO,ClNO3
ClO,ClNO3
ClO,I
ClO,I
ClO,IO
ClO,IO
ClO,IO
ClO,ClOO
ClO,ClOO
ClO,ClOO
ClO,ClOO
ClO,Cl2O2
ClO,Cl2O2
ClO,HOCl
ClO,HOCl
ClO,CFC113
ClO,H1211
ClO,HCFC142b
ClO,Cl2
ClO,Cl2
ClO,CCl4
ClO,CFC11
ClO,HCFC22
ClO,HCFC141b
ClO,HCFC123
ClO,ICl
Cl,CH3CCl3
Cl,CH3CCl3
Cl,CH3Cl
Cl,CH3Cl
Cl,CH3Cl
Cl,CFC115
Cl,BrCl
Cl,CFC12
Cl,CFC12
Cl,CFC114
Cl,CFC114
Cl,OClO
Cl,IHOO4
Cl,ISOP
Cl,ClNO3
Cl,ClNO3
Cl,CHCl3
Cl,CHCl3
Cl,I
Cl,I
Cl,I
Cl,IO
Cl,ClOO
Cl,ClOO
Cl,ClOO
Cl,ClOO
Cl,ClOO
Cl,ClOO
Cl,ClOO
Cl,Cl2O2
Cl,HOCl
Cl,HOCl
Cl,CFC113
Cl,CFC113
Cl,H1211
Cl,H1211
Cl,HCFC142b
Cl,HCFC142b
Cl,Cl2
Cl,Cl2
Cl,Cl2
Cl,Cl2
Cl,Cl2
Cl,CH2Cl2
Cl,CH2Cl2
Cl,CH2Cl2
Cl,ClNO2
Cl,CH2ICl
Cl,IHOO1
Cl,CCl4
Cl,CCl4
Cl,CFC11
Cl,CFC11
Cl,HCFC22
Cl,HCFC22
Cl,HCFC22
Cl,HCFC141b
Cl,HCFC141b
Cl,HCFC141b
Cl,HCFC123
Cl,HCFC123
Cl,HCFC123
Cl,ICl
Cl2,ClNO3
Cl2,ClNO3
Cl2,ClNO3
Cl2,ClNO3
Cl2,ClNO2
Cl2,ClNO2
Cl2,ClNO2
Cl2,ClOO
Cl2,HOCl
Cl2,HOCl
Cl2,HOCl
Cl2,HOCl
HOCl,BrCl
HOCl,OClO
HOCl,ClNO3
HOCl,ClNO3
HOCl,Cl2O2
HOCl,ClOO
HOCl,ClNO2
ClOO,Cl2O2
ClOO,Cl2O2
OClO,I
OClO,IO
ClNO2,BrSALA
ClNO2,BrCl
ClNO2,BrCl
ClNO2,BrCl
ClNO2,BrSALC
ClNO3,BrSALA
ClNO3,BrCl
ClNO3,BrCl
ClNO3,BrCl
ClNO3,BrSALC
BrCl,BrSALA
BrCl,BrSALA
BrCl,BrSALC
BrCl,BrSALC
ISOP,INO2D
ISOP,IHOO4
ISOP,IHOO4
ISOP,MVK
ISOP,HPALD4
ISOP,INO2B
ISOP,HPALD2
ISOP,HPETHNL
ISOP,LISOPOH
ISOP,LISOPOH
ISOP,LISOPOH
ISOP,LISOPOH
ISOP,HPALD3
ISOP,MACR
ISOP,IHOO1
ISOP,IHOO1
ISOP,HPALD1
ISOP,LISOPNO3
IHOO1,RIPA
IHOO1,RIPA
IHOO1,IHOO4
IHOO1,IHOO4
IHOO1,IHOO4
IHOO1,IHOO4
IHOO1,MVK
IHOO1,MVK
IHOO1,MVK
IHOO1,MVK
IHOO1,MVK
IHOO1,MVK
IHOO1,MVK
IHOO1,MVKHP
IHOO1,MVKHP
IHOO1,MVKHP
IHOO1,MVKHP
IHOO1,MVKHP
IHOO1,MCRHP
IHOO1,INPD
IHOO1,HPETHNL
IHOO1,HPETHNL
IHOO1,LISOPOH
IHOO1,IHN2
IHOO1,RIPC
IHOO1,RIPC
IHOO1,HPALD3
IHOO1,HPALD3
IHOO1,MACR
IHOO1,IHN4
IHOO1,HC5A
IHOO1,HC5A
IHOO1,HC5A
IHOO1,HC5A
IHOO1,HC5A
IHOO1,IEPOXD
IHOO1,IHPOO1
IHOO1,HPALD1
IHOO1,HPALD1
IHOO4,RIPB
IHOO4,RIPB
IHOO4,ICHOO
IHOO4,IHPOO2
IHOO4,MVK
IHOO4,MVKHP
IHOO4,HPALD4
IHOO4,HPALD4
IHOO4,MCRHP
IHOO4,MCRHP
IHOO4,MCRHP
IHOO4,MCRHP
IHOO4,MCRHP
IHOO4,HPALD2
IHOO4,HPALD2
IHOO4,INPD
IHOO4,LISOPOH
IHOO4,MACR
IHOO4,MACR
IHOO4,MACR
IHOO4,MACR
IHOO4,MACR
IHOO4,MACR
IHOO4,MACR
IHOO4,HC5A
IHOO4,HC5A
IHOO4,HC5A
IHOO4,HC5A
IHOO4,HC5A
IHOO4,RIPD
IHOO4,RIPD
IHOO4,IEPOXD
IHOO4,IHN1
IHOO4,IHN3
INO,I
INO,I
INO,I2
I,HOI
I,HOI
I,IO
I,IO
I,IO
I,IO
I,IO
I,IO
I,IO
I,IO
I,IONO2
I,IONO2
I,IONO2
I,CH2I2
I,HI
I,HI
I,CH2ICl
I,I2
I,I2
I,I2
I,I2
I,IONO
I,IONO
I,IONO
I,IBr
I,OIO
I,OIO
I,OIO
I,OIO
I,CH3I
I,CH3I
I,CH2IBr
I,I2O2
I,I2O2
I,ICl
I2,HOI
I2,IONO
I2,IONO2
I2,IONO2
IONO,BrSALA
IONO,IBr
IONO,IBr
IONO,BrSALC
IONO,ICl
IONO,ICl
IONO2,HOI
IONO2,BrSALA
IONO2,IBr
IONO2,IBr
IONO2,IO
IONO2,IO
IONO2,BrSALC
IONO2,ICl
IONO2,ICl
IO,HOI
IO,HOI
IO,I2O3
IO,I2O3
IO,OIO
IO,OIO
IO,OIO
IO,OIO
IO,OIO
IO,I2O2
IO,I2O2
IO,ICl
OIO,I2O3
OIO,I2O3
OIO,I2O4
OIO,I2O4
OIO,I2O4
OIO,I2O2
OIO,I2O2
I2O3,ISALC
I2O3,AERI
I2O3,ISALA
I2O4,AERI
I2O4,ISALA
I2O4,ISALC
ICl,HOI
ICl,HOI
HI,ISALC
HI,AERI
HI,ISALA
HOI,BrSALA
HOI,IBr
HOI,IBr
HOI,BrSALC
I2O2,ISALC
I2O2,AERI
I2O2,ISALA
ETHLN,MVKHP
ETHLN,MVKHP
ETHLN,IDN
ETHLN,ICNOO
ETHLN,ICNOO
ETHLN,MCRHNB
ETHLN,MCRHNB
ETHLN,MCRHNB
ETHLN,MCRHNB
ETHLN,MCRHNB
ETHLN,MCRHNB
ETHLN,IDHNBOO
ETHLN,IDHNBOO
ETHLN,MCRHN
ETHLN,MCRHP
ETHLN,MCRHP
ETHLN,IHPNDOO
ETHLN,IHPNDOO
ETHLN,HPETHNL
ETHLN,HPETHNL
ETHLN,HPETHNL
ETHLN,HPETHNL
ETHLN,MVKN
ETHLN,MVKN
ETHLN,MVKN
ETHLN,MVKN
ETHLN,MVKN
ETHLN,MVKN
ETHLN,MVKN
ETHLN,MVKN
ETHLN,MVKN
ETHLN,MVKN
ETHLN,ITHN
ETHLN,ITHN
ETHLN,ITHN
ETHLN,ITHN
ETHLN,ITHN
ETHLN,IDNOO
ETHLN,IDNOO
ETHLN,IDHNDOO2
ETHLN,IDHNDOO2
ETHLN,IHPNBOO
ETHLN,IHPNBOO
MTPA,OLNN
MTPA,OLND
MTPA,PIO2
PIO2,PIP
PIO2,MTPO
PIO2,MONITU
PIO2,MONITS
MTPO,OLNN
MTPO,OLND
MONITS,HONIT
MONITS,HONIT
MONITS,MONITA
MONITS,OLND
MONITS,OLND
MONITS,OLND
MONITS,OLND
MONITS,MONITU
MONITS,MONITU
MONITS,MONITU
MONITS,MONITU
MONITS,MONITU
MONITS,MONITU
MONITS,MONITU
MONITS,MONITU
MONITS,MONITU
MONITS,MONITU
MONITS,OLNN
MONITS,OLNN
MONITS,OLNN
MONITS,OLNN
MONITS,OLNN
MONITS,OLNN
MONITS,OLNN
MONITU,LIMO2
MONITU,HONIT
MONITU,HONIT
MONITU,HONIT
MONITU,MONITA
MONITU,OLND
MONITU,OLND
MONITU,OLND
MONITU,OLND
MONITU,OLNN
MONITU,OLNN
MONITU,OLNN
MONITU,OLNN
MONITU,OLNN
MONITU,OLNN
PIP,LIMO2
OLNN,LIMO
OLNN,OLND
OLNN,OLND
OLNN,OLND
OLNN,OLND
OLND,LIMO
LIMO,LIMO2
LIMO,MACR
LIMO2,MACR
LIMO2,MACR
LIMO2,MACR
MACR,RIPB
MACR,RIPB
MACR,RIPB
MACR,ICHOO
MACR,INPB
MACR,INPB
MACR,INPB
MACR,INPB
MACR,INPB
MACR,INO2D
MACR,MVK
MACR,MVK
MACR,MVK
MACR,MVK
MACR,MVK
MACR,MVK
MACR,MVK
MACR,MVK
MACR,MVK
MACR,MVK
MACR,MVK
MACR,IDN
MACR,HPALD4
MACR,HPALD4
MACR,IDC
MACR,INA
MACR,INA
MACR,MCRHP
MACR,MCRHP
MACR,MCRHP
MACR,INO2B
MACR,INO2B
MACR,INO2B
MACR,INO2B
MACR,INO2B
MACR,INO2B
MACR,INO2B
MACR,HPALD2
MACR,MACR1OO
MACR,MACR1OO
MACR,ICN
MACR,ICN
MACR,ICN
MACR,ICN
MACR,HPALD2OO
MACR,HPALD2OO
MACR,HPALD2OO
MACR,MCROHOO
MACR,IHN1
MACR,ICHE
MACR,ICHE
MACR,IHN3
HONIT,MONITA
INDIOL,IONITA
INDIOL,MONITA
IONITA,INPD
IONITA,IDN
IONITA,ITCN
IONITA,IHN1
IONITA,MCRHNB
IONITA,INPB
IONITA,MVKN
IONITA,IHN2
IONITA,IHN3
IONITA,MCRHN
IONITA,ITHN
IONITA,IHN4
MVK,AROMP4
MVK,AROMP4
MVK,RIPA
MVK,RIPA
MVK,RIPA
MVK,BALD
MVK,BALD
MVK,PYAC
MVK,AROMRO2
MVK,AROMRO2
MVK,INPB
MVK,INPB
MVK,INPB
MVK,INPB
MVK,INPB
MVK,INO2D
MVK,MVKHP
MVK,MVKHP
MVK,MVKHP
MVK,TRO2
MVK,TOLU
MVK,IDN
MVK,IDC
MVK,INA
MVK,INA
MVK,CSL
MVK,CSL
MVK,INO2B
MVK,INO2B
MVK,INO2B
MVK,INO2B
MVK,INO2B
MVK,INO2B
MVK,INO2B
MVK,XYLE
MVK,XRO2
MVK,MVKOHOO
MVK,AROMP5
MVK,AROMP5
MVK,IHN2
MVK,HPALD3
MVK,HPALD3
MVK,ICN
MVK,ICN
MVK,ICN
MVK,ICN
MVK,IHN1
MVK,ICHE
MVK,ICHE
MVK,HPALD1
MVK,HPALD1OO
MVK,HPALD1OO
MVK,HPALD1OO
LISOPOH,HPETHNL
LISOPOH,HPALD4
LISOPOH,HPALD1
LISOPOH,HPALD3
LISOPOH,HPALD2
HPALD3,MVKHP
HPALD3,HPETHNL
HPALD3,HPETHNL
HPALD3,HPETHNL
HPALD3,RIPC
HPALD3,HC5A
HPALD3,IEPOXD
HPALD3,IHPOO1
HPALD3,ICHE
HPALD3,HPALD1
HPALD3,HPALD1
HPALD3,HPALD1
HPETHNL,MVKHP
HPETHNL,MVKHP
HPETHNL,MCRHNB
HPETHNL,MCRHNB
HPETHNL,MCRHNB
HPETHNL,MCRHNB
HPETHNL,IDHDP
HPETHNL,MCRHP
HPETHNL,MCRHP
HPETHNL,MCRHP
HPETHNL,MCRHP
HPETHNL,MCRHP
HPETHNL,IHPNDOO
HPETHNL,IHPNDOO
HPETHNL,MVKN
HPETHNL,MVKN
HPETHNL,MVKN
HPETHNL,MVKN
HPETHNL,RIPC
HPETHNL,ITHN
HPETHNL,ITHN
HPETHNL,ITHN
HPETHNL,HC5A
HPETHNL,IEPOXD
HPETHNL,IHPOO1
HPETHNL,IHPOO1
HPETHNL,IHPOO1
HPETHNL,IHPNBOO
HPETHNL,IHPNBOO
HPETHNL,HPALD1
HPETHNL,HPALD1
HPETHNL,HPALD1
HPALD1,MVKHP
HPALD1,IDC
HPALD1,IDC
HPALD1,MVKPC
HPALD1,MCRENOL
HPALD1,RIPC
HPALD1,HC5A
HPALD1,IEPOXD
HPALD1,IHPOO1
HPALD1,ICHE
HPALD1,HPALD1OO
HPALD1,C4HVP1
HPALD4,IHPOO2
HPALD4,MCRHP
HPALD4,HPALD2
HPALD4,HPALD2
HPALD4,HPALD2
HPALD4,RIPD
HPALD4,HC5A
HPALD4,IEPOXD
HPALD4,ICHE
HPALD2,IHPOO2
HPALD2,IDC
HPALD2,IDC
HPALD2,MCRHP
HPALD2,C4HVP2
HPALD2,MVKPC
HPALD2,MCRENOL
HPALD2,RIPD
HPALD2,HPALD2OO
HPALD2,HC5A
HPALD2,IEPOXD
HPALD2,ICHE
RIPA,MVKHP
RIPA,IEPOXA
RIPA,IHPOO3
RIPA,IHPOO1
RIPA,IEPOXB
RIPC,IEPOXD
RIPC,IHPOO1
RIPC,HC5A
RIPC,HC5A
RIPB,IEPOXA
RIPB,IHPOO3
RIPB,ICHOO
RIPB,IHPOO2
RIPB,MCRHP
RIPB,IEPOXB
RIPD,IEPOXD
RIPD,IHPOO2
RIPD,HC5A
RIPD,HC5A
HC5A,IHPOO2
HC5A,MVKHP
HC5A,MVKHP
HC5A,MVKHP
HC5A,MVKHP
HC5A,MVKHP
HC5A,MVKHP
HC5A,IEPOXAOO
HC5A,MCRHP
HC5A,MCRHP
HC5A,MCRHP
HC5A,MCRHP
HC5A,MCRHP
HC5A,MCRHP
HC5A,IHN4
HC5A,IEPOXD
HC5A,IEPOXD
HC5A,IHPOO1
HC5A,IHN1
HC5A,IEPOXBOO
MVKHP,IHPOO2
MVKHP,IHPOO2
MVKHP,MCRHNB
MVKHP,MCRHNB
MVKHP,IDC
MVKHP,IEPOXAOO
MVKHP,IDHDP
MVKHP,MCRHP
MVKHP,MCRHP
MVKHP,MCRHP
MVKHP,MCRHP
MVKHP,MCRHP
MVKHP,MCRHP
MVKHP,MCRHP
MVKHP,MVKHC
MVKHP,MVKHC
MVKHP,MVKOHOO
MVKHP,MVKN
MVKHP,MVKN
MVKHP,ITHN
MVKHP,ITCN
MVKHP,ITCN
MVKHP,ICHE
MVKHP,ICHE
MVKHP,IHPNBOO
MVKHP,IHPNBOO
MVKHP,IHN1
MVKHP,IDHPE
MVKHP,IEPOXBOO
MVKHP,MVKHCB
MVKHP,HPALD1OO
MCRHP,ICPDH
MCRHP,ICPDH
MCRHP,ICHOO
MCRHP,MVKDH
MCRHP,MVKDH
MCRHP,MCRHNB
MCRHP,MCRHNB
MCRHP,MCRDH
MCRHP,MCRDH
MCRHP,IDC
MCRHP,IEPOXAOO
MCRHP,IDHDP
MCRHP,MVKN
MCRHP,MVKN
MCRHP,ITHN
MCRHP,ITHN
MCRHP,IHN4
MCRHP,HPALD2OO
MCRHP,MCROHOO
MCRHP,ITCN
MCRHP,ITCN
MCRHP,IHPOO1
MCRHP,IHPOO1
MCRHP,ICHE
MCRHP,ICHE
MCRHP,IHPNBOO
MCRHP,IHPNBOO
MCRHP,IDHPE
MCRHP,IEPOXBOO
IHN2,IEPOXA
IHN2,IEPOXB
IHN2,ISOPNOO1
IHN4,INO2D
IHN4,INO2D
IHN4,INA
IHN4,INA
IHN4,MVKN
IHN4,ICN
IHN4,ICN
IHN4,ICN
IHN4,IDHNDOO2
IHN4,IEPOXD
IHN4,IHN1
IHN4,IHN1
IHN3,IEPOXA
IHN3,ISOPNOO2
IHN3,IEPOXB
IHN1,INPB
IHN1,INO2D
IHN1,INO2D
IHN1,INO2D
IHN1,MCRHNB
IHN1,INA
IHN1,INA
IHN1,INA
IHN1,INO2B
IHN1,ICN
IHN1,ICN
IHN1,ICN
IHN1,ICN
IHN1,IEPOXD
IHN1,IDHNDOO1
IDC,C4HVP2
IDC,C4HVP2
IDC,MVKPC
IDC,MVKPC
IDC,MVKPC
IDC,MVKPC
IDC,MCRENOL
IDC,MCRENOL
IDC,MCRENOL
IDC,ICN
IDC,HPALD2OO
IDC,ICHE
IDC,ICHE
IDC,HPALD1OO
IDC,C4HVP1
IDC,C4HVP1
HPALD1OO,ICHE
ICHE,IEPOXA
ICHE,ICHOO
ICHE,IEPOXB
ICHE,SOAIE
ICHE,INPD
ICHE,ICN
ICHE,HPALD2OO
ICHE,IEPOXD
IEPOXBOO,ICPDH
IEPOXBOO,IEPOXA
IEPOXBOO,IEPOXB
IEPOXBOO,MCRDH
IEPOXBOO,MCRDH
IEPOXBOO,MCRDH
IEPOXBOO,IEPOXAOO
IEPOXBOO,IEPOXAOO
IEPOXBOO,IEPOXAOO
IEPOXBOO,IEPOXAOO
IEPOXBOO,MVKHC
IEPOXBOO,MVKPC
IEPOXBOO,ITCN
IEPOXBOO,MVKHCB
IEPOXBOO,IDCHP
IEPOXBOO,IDCHP
IEPOXAOO,ICPDH
IEPOXAOO,IEPOXA
IEPOXAOO,IEPOXB
IEPOXAOO,MVKDH
IEPOXAOO,MVKDH
IEPOXAOO,MVKDH
IEPOXAOO,MVKHC
IEPOXAOO,MVKPC
IEPOXAOO,ITCN
IEPOXAOO,MVKHCB
IEPOXAOO,IDCHP
IEPOXAOO,IDCHP
MVKPC,MVKHC
MVKPC,MVKHC
MVKPC,C4HVP2
MVKPC,C4HVP2
MVKPC,MCRENOL
MVKPC,MCRENOL
MVKPC,MCRENOL
MVKPC,ICN
MVKPC,MVKHCB
MVKPC,MVKHCB
MVKPC,IDCHP
MVKPC,IDCHP
MVKPC,C4HVP1
MVKPC,C4HVP1
IHPOO1,ICPDH
IHPOO1,IDHDP
IHPOO1,ITHN
IHPOO1,IEPOXD
IHPOO1,IHPOO3
IHPOO1,IDHPE
IHPOO3,IHPOO2
IHPOO3,IDHPE
IHPOO3,IDHDP
IHPOO3,ITHN
IEPOXA,SOAIE
IEPOXA,IEPOXB
IEPOXA,IEPOXB
IEPOXA,IEPOXB
IEPOXA,IEPOXB
IEPOXB,SOAIE
IHPOO2,ICPDH
IHPOO2,IDHDP
IHPOO2,ITHN
IHPOO2,IEPOXD
IHPOO2,IDHPE
ICHOO,IEPOXD
ICHOO,ICPDH
ICHOO,ITCN
ICHOO,MVKHC
ICHOO,MVKHC
IEPOXD,SOAIE
IDHPE,ICPDH
IDHPE,ICPDH
IDHPE,ICPDH
IDHPE,IDHDP
ICPDH,MVKDH
ICPDH,MVKDH
ICPDH,MVKDH
ICPDH,MCRDH
ICPDH,MCRDH
ICPDH,MCRDH
ICPDH,MCRDH
ICPDH,IDHDP
ICPDH,IDHDP
ICPDH,MVKHC
ICPDH,MVKHCB
ITHN,INPB
ITHN,IDN
ITHN,ICNOO
ITHN,MCRHNB
ITHN,MCRHNB
ITHN,MCRHNB
ITHN,MCRHNB
ITHN,IDHNBOO
ITHN,IDHNBOO
ITHN,MCRHN
ITHN,MCRHN
ITHN,IHPNDOO
ITHN,INPD
ITHN,MCRENOL
ITHN,MVKN
ITHN,MVKN
ITHN,MVKN
ITHN,MVKN
ITHN,MVKN
ITHN,MVKN
ITHN,IDNOO
ITHN,IDHNDOO2
ITHN,ITCN
ITHN,ITCN
ITHN,IHPNBOO
ITHN,IHPNBOO
ITHN,IDHNDOO1
ITHN,ISOPNOO2
ITHN,ISOPNOO1
IDCHP,MVKHCB
IDCHP,MVKHCB
IDCHP,MVKHC
IDCHP,MVKHC
MVKDH,MCRDH
MVKDH,MCRDH
MVKDH,MVKHCB
MVKDH,MVKHC
ITCN,ICNOO
ITCN,IDHNBOO
ITCN,IHPNDOO
ITCN,MCRENOL
ITCN,IDHNDOO2
ITCN,IHPNBOO
ITCN,IDHNDOO1
ITCN,ISOPNOO2
ITCN,ISOPNOO1
MCRDH,MVKHCB
MCRDH,MVKHCB
MVKHC,MVKOHOO
MVKHC,MVKHCB
MVKHC,MVKHCB
MVKHC,MVKHCB
MVKHC,MVKHCB
ISOPNOO1,IDN
ISOPNOO1,MCRHN
ISOPNOO1,MCRHN
ISOPNOO2,IDN
ISOPNOO2,MVKN
ISOPNOO2,MVKN
IDHNDOO1,IDN
IDHNDOO1,MCRHNB
IDHNDOO1,MCRHNB
IDHNDOO2,IDN
IDHNDOO2,MVKN
IDHNDOO2,MVKN
MCRHNB,ICNOO
MCRHNB,IDHNBOO
MCRHNB,IDHNBOO
MCRHNB,MCRHN
MCRHNB,IHPNDOO
MCRHNB,IHPNDOO
MCRHNB,MVKN
MCRHNB,MVKN
MCRHNB,MVKN
MCRHNB,MVKN
MCRHNB,MVKN
MCRHNB,MVKN
MCRHNB,MVKN
MCRHNB,ICN
MCRHNB,ICN
MCRHNB,IHPNBOO
MCRHNB,IHPNBOO
MCRHNB,MACRNO2
MCRHNB,MACRNO2
ICN,INPB
ICN,INPB
ICN,INPB
ICN,INO2D
ICN,INO2D
ICN,INO2D
ICN,INO2D
ICN,INO2D
ICN,INO2D
ICN,IDN
ICN,ICNOO
ICN,INA
ICN,INA
ICN,INA
ICN,INA
ICN,INA
ICN,INA
ICN,INA
ICN,INA
ICN,INA
ICN,INO2B
ICN,INO2B
ICN,INO2B
ICN,C4HVP2
ICN,INPD
ICN,INPD
ICN,MCRENOL
ICN,MVKN
ICN,MVKN
ICN,C4HVP1
MVKN,PYAC
MVKN,ICNOO
MVKN,IDHNBOO
MVKN,IDHNBOO
MVKN,MCRHN
MVKN,IHPNDOO
MVKN,IHPNDOO
MVKN,MVKOHOO
MVKN,IHPNBOO
MVKN,IHPNBOO
MVKN,MVKHCB
MVKN,C4HVP1
MCRHN,C4HVP2
MCRHN,MCROHOO
MCRHN,MACRNO2
MCRHN,MACRNO2
IDN,INO2D
IDN,IDHNBOO
IDN,INA
IDN,INO2B
IDN,IHPNDOO
IDN,IDNOO
IDN,IDNOO
IDN,IHPNBOO
IDHNBOO,INPB
IDHNBOO,ICNOO
IDHNBOO,INA
IDHNBOO,MCRENOL
IDHNBOO,IHPNBOO
LISOPNO3,INO2D
LISOPNO3,INO2B
INO2B,INO2D
INO2B,INO2D
INO2B,INPB
INO2B,INPB
INO2B,INPB
INO2B,INPB
INO2B,INPB
INO2B,INA
INO2D,INPB
INO2D,INA
INO2D,INA
INO2D,INA
INO2D,INA
INO2D,INA
INO2D,INA
INO2D,INPD
INO2D,INPD
INPB,IHPNBOO
INPB,INA
INPD,INA
INPD,IHPNDOO
ICNOO,MCRENOL
MVKOHOO,C4HVP1
MVKOHOO,C4HVP1
PYAC,SOAGX
PYAC,MCRENOL
PYAC,MCRENOL
PYAC,MVKHCB
PYAC,MVKHCB
MCROHOO,C4HVP2
MCROHOO,C4HVP2
MACR1OO,HMML
MACR1OO,MACR1OOH
MACR1OO,MACR1OOH
MACR1OO,MPAN
MACR1OO,MPAN
MVKHCB,MCRENOL
MACRNO2,MPAN
C4HVP1,C4HVP2
C4HVP1,MCRENOL
C4HVP1,MCRENOL
C4HVP2,MCRENOL
C4HVP2,MCRENOL
MACR1OOH,HMML
HMML,MPAN
HMML,SOAIE
NRO2,LNRO2N
NRO2,NAP
NRO2,LNRO2H
C2H4,ETOO
ETOO,ETO
ETOO,ETO
ETOO,ETO
ETOO,ETHP
ETOO,ETHP
ETOO,ETHP
ETOO,ETHN
ETHP,ETO
ETHP,ETO
ETHN,ETO
BRO2,PHEN
BRO2,AROMP4
BRO2,LBRO2H
BRO2,AROMRO2
BRO2,LBRO2N
BRO2,BENZ
BENZ,PHEN
BENZ,AROMP4
BENZ,AROMRO2
PHEN,AROMP4
PHEN,AROMP4
PHEN,AROMRO2
PHEN,AROMRO2
PHEN,BENZO
PHEN,BENZO
PHEN,NPHEN
PHEN,MCT
AROMP4,BALD
AROMP4,BALD
AROMP4,AROMRO2
AROMP4,AROMRO2
AROMP4,AROMRO2
AROMP4,AROMRO2
AROMP4,AROMRO2
AROMP4,AROMRO2
AROMP4,MCT
AROMP4,MCT
AROMP4,MCT
AROMP4,MCT
AROMP4,TOLU
AROMP4,TRO2
AROMP4,NPHEN
AROMP4,NPHEN
AROMP4,NPHEN
AROMP4,NPHEN
AROMP4,CSL
AROMP4,CSL
AROMP4,XYLE
AROMP4,XRO2
AROMP4,AROMP5
AROMP4,AROMP5
AROMP4,BENZO
AROMP4,BENZO
AROMP4,BENZO
AROMRO2,BALD
AROMRO2,BALD
AROMRO2,MCT
AROMRO2,MCT
AROMRO2,MCT
AROMRO2,MCT
AROMRO2,TOLU
AROMRO2,TRO2
AROMRO2,NPHEN
AROMRO2,NPHEN
AROMRO2,CSL
AROMRO2,CSL
AROMRO2,CSL
AROMRO2,CSL
AROMRO2,XYLE
AROMRO2,XRO2
AROMRO2,AROMP5
AROMRO2,AROMP5
AROMRO2,AROMP5
AROMRO2,AROMP5
AROMRO2,BENZO
AROMRO2,BENZO
AROMRO2,BENZO
AROMRO2,BENZO
AROMRO2,BENZO
TRO2,TOLU
TRO2,LTRO2H
TRO2,BALD
TRO2,AROMP5
TRO2,CSL
TRO2,LTRO2N
TOLU,BALD
TOLU,AROMP5
TOLU,CSL
BALD,BZCO3
BALD,BZCO3
BALD,BENZO2
BALD,CSL
BALD,CSL
BALD,XYLE
BALD,XRO2
BALD,AROMP5
BALD,AROMP5
CSL,MCT
CSL,NPHEN
CSL,XYLE
CSL,XRO2
CSL,AROMP5
CSL,AROMP5
CSL,AROMP5
CSL,AROMP5
CSL,BENZO
CSL,BENZO
AROMP5,MCT
AROMP5,NPHEN
AROMP5,XYLE
AROMP5,XRO2
AROMP5,BENZO
AROMP5,BENZO
XRO2,LXRO2H
XRO2,LXRO2N
XRO2,XYLE
MCT,BENZO
MCT,BENZO
MCT,BENZO
MCT,BENZO
MCT,NPHEN
BENZO,BENZO2
BENZO,BENZO2
BENZO,BENZO2
BENZO,BENZO2
BENZO,BENZO2
BENZO,NPHEN
BENZO,NPHEN
BENZO,NPHEN
BENZO,NPHEN
BENZO,BENZP
NPHEN,AONITA
BZCO3,BENZP
BZCO3,BENZO2
BZCO3,BENZO2
BZCO3,BENZO2
BZCO3,BZCO3H
BZCO3,BZCO3H
BZCO3,BZPAN
BZCO3,BZPAN
BZCO3H,BENZP
BZCO3H,BENZO2
BZCO3H,BENZO2
BENZP,BENZO2
BENZP,BENZO2
BENZP,BENZO2
BENZP,BZPAN
BrSALA,IBr
BrSALA,IBr
BrSALA,IBr
BrSALC,IBr
BrSALC,IBr
BrSALC,IBr
