0,1,2,3
OH,R392,CH2O,R223
OH,R440,HPALD3,R889
OH,R440,HPETHNL,R870
OH,R440,IHPOO1,R442
OH,R440,IHPOO1,R445
OH,R440,HPALD1,R427
OH,R440,HPALD1,R887
OH,R440,HC5A,R431
OH,R440,IHOO1,R401
OH,R440,IHOO1,R405
OH,R440,IHOO1,R406
OH,R440,IHOO1,R412
OH,R440,IHOO1,R414
OH,R440,IHOO1,R416
OH,R440,IHOO1,R422
OH,R440,MCO3,R598
OH,R440,CH2O,R223
OH,R440,HO2,R15
OH,R440,HO2,R22
OH,R440,HO2,R44
OH,R440,HO2,R89
OH,R440,HO2,R90
OH,R440,HO2,R113
OH,R440,HO2,R204
OH,R440,HO2,R216
OH,R440,HO2,R267
OH,R440,HO2,R401
OH,R440,HO2,R403
OH,R440,HO2,R445
OH,R440,HO2,R449
OH,R440,HO2,R453
OH,R440,HO2,R461
OH,R440,HO2,R468
OH,R440,HO2,R469
OH,R440,HO2,R474
OH,R440,HO2,R476
OH,R440,HO2,R488
OH,R440,HO2,R492
OH,R440,HO2,R497
OH,R440,HO2,R500
OH,R440,HO2,R503
OH,R440,HO2,R507
OH,R440,HO2,R534
OH,R440,HO2,R535
OH,R440,HO2,R543
OH,R440,HO2,R546
OH,R440,HO2,R559
OH,R440,HO2,R562
OH,R440,HO2,R570
OH,R440,HO2,R573
OH,R440,HO2,R574
OH,R440,HO2,R581
OH,R440,HO2,R598
OH,R440,HO2,R633
RIPC,R440,IHOO1,R402
RIPC,R440,HO2,R402
OH,R589,MCRHP,R878
OH,R589,HO2,R15
OH,R589,HO2,R22
OH,R589,HO2,R44
OH,R589,HO2,R89
OH,R589,HO2,R90
OH,R589,HO2,R113
OH,R589,HO2,R204
OH,R589,HO2,R216
OH,R589,HO2,R267
OH,R589,HO2,R401
OH,R589,HO2,R403
OH,R589,HO2,R445
OH,R589,HO2,R449
OH,R589,HO2,R453
OH,R589,HO2,R461
OH,R589,HO2,R468
OH,R589,HO2,R469
OH,R589,HO2,R474
OH,R589,HO2,R476
OH,R589,HO2,R488
OH,R589,HO2,R492
OH,R589,HO2,R497
OH,R589,HO2,R500
OH,R589,HO2,R503
OH,R589,HO2,R507
OH,R589,HO2,R534
OH,R589,HO2,R535
OH,R589,HO2,R543
OH,R589,HO2,R546
OH,R589,HO2,R559
OH,R589,HO2,R562
OH,R589,HO2,R570
OH,R589,HO2,R573
OH,R589,HO2,R574
OH,R589,HO2,R581
OH,R589,HO2,R598
OH,R589,HO2,R633
ICPDH,R589,HO2,R461
ICPDH,R589,HO2,R468
ICPDH,R589,HO2,R469
RP,R795,HO2,R113
RIPD,R886,HO2,R404
NO3,R369,NO2,R16
NO3,R369,NO2,R212
NO3,R369,NO2,R340
NO3,R369,NO2,R347
NO3,R369,NO2,R639
R244,ClOO,R280,ClO
R273,ClOO,R280,ClO
R275,ClOO,R276,Cl
R275,ClOO,R832,Cl
R282,ClOO,R280,ClO
NO3,R166,HNO3,R38
MO2,R290,HO2,R574
MO2,R290,HO2,R598
Cl,R290,ClO,R245
Cl,R290,ClO,R268
Cl,R290,ClO,R270
Cl,R290,ClO,R273
Cl,R290,ClO,R274
Cl,R290,ClO,R322
Cl,R290,ClO,R811
R529,INO2B,R507,INPB
R529,INO2B,R507,OH
R529,INO2B,R509,INPB
R529,INO2B,R510,INPB
R529,INO2B,R513,INPB
NO3,R76,HNO3,R38
R607,ETHP,R614,ETOO
R610,ETHP,R614,ETOO
NO,R501,NO2,R209
NO,R501,NO2,R760
NO3,R96,HNO3,R38
MEK,R96,KO2,R100
MEK,R96,KO2,R152
BrO,R222,Br,R168
BrO,R222,Br,R180
R524,IHPNBOO,R533,OH
R524,IHPNBOO,R534,OH
R524,IHPNBOO,R536,OH
ICPDH,R901,HO2,R461
ICPDH,R901,HO2,R468
ICPDH,R901,HO2,R469
CH2O,R181,CO,R338
CH2O,R181,HO2,R89
CH2O,R181,HO2,R401
CH2O,R181,HO2,R403
CH2O,R181,HO2,R445
CH2O,R181,HO2,R449
CH2O,R181,HO2,R469
CH2O,R181,HO2,R488
CH2O,R181,HO2,R492
CH2O,R181,HO2,R497
CH2O,R181,HO2,R500
CH2O,R181,HO2,R503
CH2O,R181,HO2,R507
CH2O,R181,HO2,R534
CH2O,R181,HO2,R535
CH2O,R181,HO2,R570
CH2O,R181,HO2,R573
CH2O,R181,HO2,R574
Br,R181,HBr,R171
Br,R181,HBr,R178
Br,R181,HBr,R225
R87,R4P,R135,R4O2
R87,R4P,R793,HO2
R433,MVKPC,R876,OH
R590,MVKPC,R876,OH
ClO,R322,Cl,R263
ClO,R322,Cl,R267
ClO,R322,Cl,R280
ClO,R322,Cl,R293
ClO,R322,Cl,R294
IO,R322,I,R314
IO,R322,I,R324
NO,R536,NO2,R209
NO,R536,NO2,R760
ClO,R321,OClO,R812
IO,R321,I,R314
IO,R321,I,R324
R64,RCHO,R775,A3O2
R85,RCHO,R775,A3O2
R125,RCHO,R775,A3O2
R127,RCHO,R775,A3O2
OH,R593,MVKHP,R875
OH,R593,MCRHP,R878
R461,ICPDH,R900,HO2
R468,ICPDH,R900,HO2
R469,ICPDH,R900,HO2
NO2,R212,NO3,R44
NO2,R212,NO3,R45
NO2,R212,NO3,R46
NO2,R212,NO3,R161
NO2,R212,NO3,R180
NO2,R212,NO3,R210
NO2,R212,NO3,R357
NO2,R212,NO3,R379
NO2,R212,NO3,R380
NO2,R212,NO3,R516
NO2,R212,NO3,R517
NO2,R212,NO3,R584
NO2,R212,NO3,R595
NO2,R212,NO3,R609
NO2,R212,NO3,R621
NO2,R212,NO3,R641
NO2,R212,NO3,R647
NO2,R212,NO3,R769
O,R212,NO3,R769
OH,R171,H2O,R191
HBr,R171,Br,R170
HBr,R171,Br,R182
HBr,R171,Br,R183
HBr,R171,Br,R184
HBr,R171,Br,R185
HBr,R171,Br,R304
BrO,R316,Br,R168
BrO,R316,Br,R180
IO,R316,OIO,R320
SO2,R10,HMS,R11
CH2O,R10,HMS,R11
CH2O,R10,HMS,R12
NO2,R311,IONO2,R312
IO,R311,IONO2,R312
OH,R553,MCO3,R598
OH,R553,CH2O,R223
OH,R553,NO3,R44
OH,R553,NO3,R552
MVKN,R553,NO2,R560
IHOO1,R414,OH,R397
IHOO1,R414,OH,R438
IHOO4,R414,OH,R398
IHOO4,R414,OH,R439
IHOO4,R414,OH,R441
NO,R70,NO2,R209
NO,R70,NO2,R760
R41,HNO4,R42,NO2
R41,HNO4,R42,HO2
R41,HNO4,R43,NO2
R41,HNO4,R768,NO2
R41,HNO4,R768,HO2
NO2,R663,HNO2,R40
NO2,R663,HNO3,R765
R439,ICHOO,R469,OH
R439,ICHOO,R472,OH
R454,ICHOO,R469,OH
R454,ICHOO,R472,OH
HO2,R598,MO2,R17
HO2,R598,MO2,R26
HO2,R598,MO2,R30
HO2,R598,MO2,R31
HO2,R598,MO2,R85
HO2,R598,MO2,R86
HO2,R598,MO2,R94
HO2,R598,MO2,R95
HO2,R598,MO2,R97
HO2,R598,MO2,R98
HO2,R598,MO2,R99
HO2,R598,MO2,R100
HO2,R598,MO2,R101
HO2,R598,MO2,R102
HO2,R598,MO2,R129
HO2,R598,MO2,R244
HO2,R598,MO2,R355
HO2,R598,MO2,R367
HO2,R598,MO2,R375
HO2,R598,MO2,R376
HO2,R598,MO2,R415
HO2,R598,MO2,R416
HO2,R598,MO2,R417
HO2,R598,MO2,R418
HO2,R598,MO2,R512
HO2,R598,MO2,R513
HO2,R598,MO2,R585
HO2,R598,MO2,R610
HO2,R598,MO2,R622
HO2,R598,MO2,R648
HO2,R598,MO2,R649
HO2,R598,O3,R14
HO2,R598,O3,R17
HO2,R598,O3,R115
HO2,R598,O3,R358
HO2,R598,O3,R359
HO2,R598,O3,R363
HO2,R598,O3,R396
HO2,R598,O3,R548
HO2,R598,O3,R629
HO2,R598,O3,R651
HO2,R598,O3,R654
HO2,R598,OH,R14
HO2,R598,OH,R21
HO2,R598,OH,R24
HO2,R598,OH,R31
HO2,R598,OH,R36
HO2,R598,OH,R46
HO2,R598,OH,R49
HO2,R598,OH,R50
HO2,R598,OH,R53
HO2,R598,OH,R103
HO2,R598,OH,R104
HO2,R598,OH,R116
HO2,R598,OH,R119
HO2,R598,OH,R123
HO2,R598,OH,R167
HO2,R598,OH,R179
HO2,R598,OH,R190
HO2,R598,OH,R245
HO2,R598,OH,R253
HO2,R598,OH,R254
HO2,R598,OH,R255
HO2,R598,OH,R433
HO2,R598,OH,R438
HO2,R598,OH,R439
HO2,R598,OH,R441
HO2,R598,OH,R454
HO2,R598,OH,R455
HO2,R598,OH,R457
HO2,R598,OH,R485
HO2,R598,OH,R486
HO2,R598,OH,R541
HO2,R598,OH,R549
HO2,R598,OH,R564
HO2,R598,OH,R566
HO2,R598,OH,R568
HO2,R598,OH,R569
HO2,R598,OH,R590
HO2,R598,OH,R594
HO2,R598,OH,R597
HO2,R598,OH,R606
HO2,R598,OH,R616
HO2,R598,OH,R617
HO2,R598,OH,R618
HO2,R598,OH,R624
HO2,R598,OH,R626
HO2,R598,OH,R650
HO2,R598,OH,R653
MCO3,R598,MAP,R139
MCO3,R598,MO2,R99
MCO3,R598,MO2,R100
MCO3,R598,O3,R548
MCO3,R598,O3,R551
MCO3,R598,OH,R53
MCO3,R598,OH,R120
MCO3,R598,OH,R139
MCO3,R598,OH,R564
MCO3,R598,OH,R568
MCO3,R598,OH,R575
MCO3,R598,OH,R588
MCO3,R598,OH,R596
OH,R547,MVKOHOO,R570
OH,R103,HO2,R15
OH,R103,HO2,R22
OH,R103,HO2,R44
OH,R103,HO2,R89
OH,R103,HO2,R90
OH,R103,HO2,R113
OH,R103,HO2,R204
OH,R103,HO2,R216
OH,R103,HO2,R267
OH,R103,HO2,R401
OH,R103,HO2,R403
OH,R103,HO2,R445
OH,R103,HO2,R449
OH,R103,HO2,R453
OH,R103,HO2,R461
OH,R103,HO2,R468
OH,R103,HO2,R469
OH,R103,HO2,R474
OH,R103,HO2,R476
OH,R103,HO2,R488
OH,R103,HO2,R492
OH,R103,HO2,R497
OH,R103,HO2,R500
OH,R103,HO2,R503
OH,R103,HO2,R507
OH,R103,HO2,R534
OH,R103,HO2,R535
OH,R103,HO2,R543
OH,R103,HO2,R546
OH,R103,HO2,R559
OH,R103,HO2,R562
OH,R103,HO2,R570
OH,R103,HO2,R573
OH,R103,HO2,R574
OH,R103,HO2,R581
OH,R103,HO2,R633
NO3,R595,HNO3,R38
NO3,R595,NO2,R16
NO3,R595,NO2,R340
NO3,R595,NO2,R347
NO3,R595,NO2,R639
OH,R250,H2O,R191
HOCl,R250,H2O,R676
HOCl,R250,ClO,R269
ClO,R274,OClO,R812
ClO,R274,Cl,R263
ClO,R274,Cl,R267
ClO,R274,Cl,R280
ClO,R274,Cl,R293
ClO,R274,Cl,R294
OH,R434,IHPOO1,R442
OH,R434,IHPOO1,R445
OH,R434,IHPOO3,R451
OH,R434,IHPOO3,R453
NO3,R380,NO2,R16
NO3,R380,NO2,R340
NO3,R380,NO2,R347
NO3,R380,NO2,R639
HOBr,R696,H2O,R674
R439,MCRHP,R878,OH
R445,MCRHP,R878,HO2
R534,MCRHP,R878,HO2
R573,MCRHP,R878,HO2
MCO3,R368,MACR,R551
MCO3,R368,MACR,R787
MCO3,R368,MO2,R99
MCO3,R368,MO2,R100
MCO3,R368,HO2,R89
MCO3,R368,HO2,R90
MCO3,R368,HO2,R570
MCO3,R368,HO2,R574
Br,R185,HBr,R178
Br,R185,HBr,R225
R79,RCO3,R113,OH
R81,RCO3,R80,PPN
R136,RCO3,R113,RP
R136,RCO3,R113,OH
R650,RCO3,R113,OH
R653,RCO3,R113,OH
NO2,R221,O,R210
NO2,R221,O,R211
R305,INO,R306,NO
R305,INO,R837,I
R305,INO,R837,NO
ATOOH,R851,OH,R441
ATOOH,R851,OH,R549
NO,R72,NO2,R209
NO,R72,NO2,R760
OH,R32,MO2,R416
OH,R32,MO2,R418
OH,R32,H2O,R191
MP,R32,MO2,R28
OH,R176,HOBr,R177
OH,R176,HOBr,R800
Br2,R176,HOBr,R694
Br2,R176,HOBr,R698
Br2,R176,HOBr,R699
Br2,R176,Br,R175
HOCl,R692,Cl2,R243
HOCl,R692,H2O,R676
OH,R77,H2O,R191
R4N2,R77,R4N1,R88
HO2,R267,ClO,R244
HO2,R267,ClO,R245
HO2,R267,OH,R14
HO2,R267,OH,R21
HO2,R267,OH,R24
HO2,R267,OH,R31
HO2,R267,OH,R36
HO2,R267,OH,R46
HO2,R267,OH,R49
HO2,R267,OH,R50
HO2,R267,OH,R53
HO2,R267,OH,R104
HO2,R267,OH,R116
HO2,R267,OH,R119
HO2,R267,OH,R123
HO2,R267,OH,R167
HO2,R267,OH,R179
HO2,R267,OH,R190
HO2,R267,OH,R245
HO2,R267,OH,R253
HO2,R267,OH,R254
HO2,R267,OH,R255
HO2,R267,OH,R433
HO2,R267,OH,R438
HO2,R267,OH,R439
HO2,R267,OH,R441
HO2,R267,OH,R454
HO2,R267,OH,R455
HO2,R267,OH,R457
HO2,R267,OH,R485
HO2,R267,OH,R486
HO2,R267,OH,R541
HO2,R267,OH,R549
HO2,R267,OH,R564
HO2,R267,OH,R566
HO2,R267,OH,R568
HO2,R267,OH,R569
HO2,R267,OH,R590
HO2,R267,OH,R594
HO2,R267,OH,R597
HO2,R267,OH,R606
HO2,R267,OH,R616
HO2,R267,OH,R617
HO2,R267,OH,R618
HO2,R267,OH,R624
HO2,R267,OH,R626
HO2,R267,OH,R650
HO2,R267,OH,R653
Cl,R267,ClO,R245
Cl,R267,ClO,R268
Cl,R267,ClO,R270
Cl,R267,ClO,R273
Cl,R267,ClO,R811
Cl,R267,OH,R243
Cl,R267,OH,R245
Cl,R267,OH,R249
Cl,R267,OH,R253
Cl,R267,OH,R254
Cl,R267,OH,R255
Cl,R267,OH,R256
Cl,R267,OH,R257
Cl,R267,OH,R258
Cl,R267,OH,R259
Cl,R267,OH,R260
R92,PRPN,R131,PRN1
R92,PRPN,R789,HO2
HO2,R503,MCRHNB,R882
HO2,R503,ETHLN,R857
HO2,R503,GLYC,R116
HO2,R503,GLYC,R779
HO2,R503,MVKN,R880
HO2,R503,ITHN,R594
HO2,R503,ITHN,R905
HO2,R503,ITHN,R906
HO2,R503,HAC,R123
HO2,R503,HAC,R788
HO2,R503,CH2O,R36
HO2,R503,CH2O,R52
HO2,R503,CH2O,R223
HO2,R503,CH2O,R262
HO2,R503,CH2O,R763
HO2,R503,OH,R14
HO2,R503,OH,R21
HO2,R503,OH,R24
HO2,R503,OH,R31
HO2,R503,OH,R36
HO2,R503,OH,R46
HO2,R503,OH,R49
HO2,R503,OH,R50
HO2,R503,OH,R53
HO2,R503,OH,R104
HO2,R503,OH,R116
HO2,R503,OH,R119
HO2,R503,OH,R123
HO2,R503,OH,R167
HO2,R503,OH,R179
HO2,R503,OH,R190
HO2,R503,OH,R245
HO2,R503,OH,R253
HO2,R503,OH,R254
HO2,R503,OH,R255
HO2,R503,OH,R433
HO2,R503,OH,R438
HO2,R503,OH,R439
HO2,R503,OH,R441
HO2,R503,OH,R454
HO2,R503,OH,R455
HO2,R503,OH,R457
HO2,R503,OH,R485
HO2,R503,OH,R486
HO2,R503,OH,R541
HO2,R503,OH,R549
HO2,R503,OH,R564
HO2,R503,OH,R566
HO2,R503,OH,R568
HO2,R503,OH,R569
HO2,R503,OH,R590
HO2,R503,OH,R594
HO2,R503,OH,R597
HO2,R503,OH,R606
HO2,R503,OH,R616
HO2,R503,OH,R617
HO2,R503,OH,R618
HO2,R503,OH,R624
HO2,R503,OH,R626
HO2,R503,OH,R650
HO2,R503,OH,R653
IDHNBOO,R503,ITHN,R594
IDHNBOO,R503,OH,R524
IDHNBOO,R503,OH,R594
ICN,R898,OH,R485
ICN,R898,OH,R486
OH,R650,HO2,R15
OH,R650,HO2,R22
OH,R650,HO2,R44
OH,R650,HO2,R89
OH,R650,HO2,R90
OH,R650,HO2,R113
OH,R650,HO2,R204
OH,R650,HO2,R216
OH,R650,HO2,R401
OH,R650,HO2,R403
OH,R650,HO2,R445
OH,R650,HO2,R449
OH,R650,HO2,R453
OH,R650,HO2,R461
OH,R650,HO2,R468
OH,R650,HO2,R469
OH,R650,HO2,R474
OH,R650,HO2,R476
OH,R650,HO2,R488
OH,R650,HO2,R492
OH,R650,HO2,R497
OH,R650,HO2,R500
OH,R650,HO2,R507
OH,R650,HO2,R534
OH,R650,HO2,R535
OH,R650,HO2,R543
OH,R650,HO2,R546
OH,R650,HO2,R559
OH,R650,HO2,R562
OH,R650,HO2,R570
OH,R650,HO2,R573
OH,R650,HO2,R574
OH,R650,HO2,R581
OH,R650,HO2,R633
MPN,R850,MO2,R162
MPN,R850,NO2,R162
R88,R4N2,R796,HO2
R482,IDHNDOO1,R497,OH
MVKHP,R875,OH,R438
MVKHP,R875,HO2,R449
MVKHP,R875,HO2,R534
MVKHP,R875,HO2,R570
OH,R327,H2O,R191
HI,R327,I,R325
NO,R270,NO2,R209
NO,R270,NO2,R760
ClO,R270,Cl,R263
ClO,R270,Cl,R280
ClO,R270,Cl,R293
ClO,R270,Cl,R294
NO,R75,NO2,R209
NO,R75,NO2,R760
R14,HO2,R15,OH
R14,HO2,R22,OH
R14,HO2,R44,OH
R14,HO2,R89,OH
R14,HO2,R90,OH
R14,HO2,R113,O3
R14,HO2,R113,OH
R14,HO2,R204,OH
R14,HO2,R216,OH
R14,HO2,R401,OH
R14,HO2,R403,OH
R14,HO2,R445,OH
R14,HO2,R449,OH
R14,HO2,R453,OH
R14,HO2,R461,OH
R14,HO2,R468,OH
R14,HO2,R469,OH
R14,HO2,R474,OH
R14,HO2,R476,OH
R14,HO2,R488,OH
R14,HO2,R492,OH
R14,HO2,R497,OH
R14,HO2,R500,OH
R14,HO2,R507,OH
R14,HO2,R534,OH
R14,HO2,R535,OH
R14,HO2,R543,OH
R14,HO2,R546,OH
R14,HO2,R559,OH
R14,HO2,R562,OH
R14,HO2,R570,OH
R14,HO2,R573,OH
R14,HO2,R574,O3
R14,HO2,R574,OH
R14,HO2,R581,O3
R14,HO2,R581,OH
R14,HO2,R633,O3
R14,HO2,R633,OH
R17,HO2,R113,O3
R17,HO2,R574,MO2
R17,HO2,R574,O3
R17,HO2,R581,O3
R17,HO2,R633,O3
R21,HO2,R15,OH
R21,HO2,R22,OH
R21,HO2,R23,H2O2
R21,HO2,R44,OH
R21,HO2,R89,OH
R21,HO2,R90,OH
R21,HO2,R113,OH
R21,HO2,R204,OH
R21,HO2,R216,OH
R21,HO2,R401,OH
R21,HO2,R403,OH
R21,HO2,R445,OH
R21,HO2,R449,OH
R21,HO2,R453,OH
R21,HO2,R461,OH
R21,HO2,R468,OH
R21,HO2,R469,OH
R21,HO2,R474,OH
R21,HO2,R476,OH
R21,HO2,R488,OH
R21,HO2,R492,OH
R21,HO2,R497,OH
R21,HO2,R500,OH
R21,HO2,R507,OH
R21,HO2,R534,OH
R21,HO2,R535,OH
R21,HO2,R543,OH
R21,HO2,R546,OH
R21,HO2,R559,OH
R21,HO2,R562,OH
R21,HO2,R570,OH
R21,HO2,R573,OH
R21,HO2,R574,OH
R21,HO2,R581,OH
R21,HO2,R633,OH
R24,HO2,R15,OH
R24,HO2,R22,OH
R24,HO2,R44,OH
R24,HO2,R89,OH
R24,HO2,R90,OH
R24,HO2,R113,OH
R24,HO2,R204,OH
R24,HO2,R216,OH
R24,HO2,R401,OH
R24,HO2,R403,OH
R24,HO2,R445,OH
R24,HO2,R449,OH
R24,HO2,R453,OH
R24,HO2,R461,CO
R24,HO2,R461,OH
R24,HO2,R468,CO
R24,HO2,R468,OH
R24,HO2,R469,CO
R24,HO2,R469,OH
R24,HO2,R474,OH
R24,HO2,R476,OH
R24,HO2,R488,OH
R24,HO2,R492,OH
R24,HO2,R497,OH
R24,HO2,R500,OH
R24,HO2,R507,OH
R24,HO2,R534,OH
R24,HO2,R535,OH
R24,HO2,R543,CO
R24,HO2,R543,OH
R24,HO2,R546,OH
R24,HO2,R559,OH
R24,HO2,R562,OH
R24,HO2,R570,OH
R24,HO2,R573,CO
R24,HO2,R573,OH
R24,HO2,R574,CO
R24,HO2,R574,OH
R24,HO2,R581,OH
R24,HO2,R633,OH
R26,HO2,R574,MO2
R30,HO2,R574,MO2
R31,HO2,R15,OH
R31,HO2,R22,OH
R31,HO2,R44,OH
R31,HO2,R89,OH
R31,HO2,R90,OH
R31,HO2,R113,OH
R31,HO2,R204,OH
R31,HO2,R216,OH
R31,HO2,R401,OH
R31,HO2,R403,OH
R31,HO2,R445,OH
R31,HO2,R449,OH
R31,HO2,R453,OH
R31,HO2,R461,OH
R31,HO2,R468,OH
R31,HO2,R469,OH
R31,HO2,R474,OH
R31,HO2,R476,OH
R31,HO2,R488,OH
R31,HO2,R492,OH
R31,HO2,R497,OH
R31,HO2,R500,OH
R31,HO2,R507,OH
R31,HO2,R534,OH
R31,HO2,R535,OH
R31,HO2,R543,OH
R31,HO2,R546,OH
R31,HO2,R559,OH
R31,HO2,R562,OH
R31,HO2,R570,OH
R31,HO2,R573,OH
R31,HO2,R574,MO2
R31,HO2,R574,OH
R31,HO2,R581,OH
R31,HO2,R633,OH
R36,HO2,R15,OH
R36,HO2,R22,OH
R36,HO2,R44,OH
R36,HO2,R89,CH2O
R36,HO2,R89,OH
R36,HO2,R90,OH
R36,HO2,R113,OH
R36,HO2,R204,OH
R36,HO2,R216,OH
R36,HO2,R401,CH2O
R36,HO2,R401,OH
R36,HO2,R403,CH2O
R36,HO2,R403,OH
R36,HO2,R445,CH2O
R36,HO2,R445,OH
R36,HO2,R449,CH2O
R36,HO2,R449,OH
R36,HO2,R453,OH
R36,HO2,R461,OH
R36,HO2,R468,OH
R36,HO2,R469,CH2O
R36,HO2,R469,OH
R36,HO2,R474,OH
R36,HO2,R476,OH
R36,HO2,R488,CH2O
R36,HO2,R488,OH
R36,HO2,R492,CH2O
R36,HO2,R492,OH
R36,HO2,R497,CH2O
R36,HO2,R497,OH
R36,HO2,R500,CH2O
R36,HO2,R500,OH
R36,HO2,R507,CH2O
R36,HO2,R507,OH
R36,HO2,R534,CH2O
R36,HO2,R534,OH
R36,HO2,R535,CH2O
R36,HO2,R535,OH
R36,HO2,R543,OH
R36,HO2,R546,OH
R36,HO2,R559,OH
R36,HO2,R562,OH
R36,HO2,R570,CH2O
R36,HO2,R570,OH
R36,HO2,R573,CH2O
R36,HO2,R573,OH
R36,HO2,R574,CH2O
R36,HO2,R574,OH
R36,HO2,R581,OH
R36,HO2,R633,OH
R46,HO2,R15,OH
R46,HO2,R22,OH
R46,HO2,R44,OH
R46,HO2,R89,OH
R46,HO2,R90,OH
R46,HO2,R113,OH
R46,HO2,R204,OH
R46,HO2,R216,OH
R46,HO2,R401,OH
R46,HO2,R403,OH
R46,HO2,R445,OH
R46,HO2,R449,OH
R46,HO2,R453,OH
R46,HO2,R461,OH
R46,HO2,R468,OH
R46,HO2,R469,OH
R46,HO2,R474,OH
R46,HO2,R476,OH
R46,HO2,R488,OH
R46,HO2,R492,OH
R46,HO2,R497,OH
R46,HO2,R500,OH
R46,HO2,R507,OH
R46,HO2,R534,OH
R46,HO2,R535,OH
R46,HO2,R543,OH
R46,HO2,R546,OH
R46,HO2,R559,OH
R46,HO2,R562,OH
R46,HO2,R570,OH
R46,HO2,R573,OH
R46,HO2,R574,OH
R46,HO2,R581,OH
R46,HO2,R633,OH
R49,HO2,R15,OH
R49,HO2,R22,OH
R49,HO2,R44,OH
R49,HO2,R89,OH
R49,HO2,R90,OH
R49,HO2,R113,OH
R49,HO2,R204,OH
R49,HO2,R216,OH
R49,HO2,R401,OH
R49,HO2,R403,OH
R49,HO2,R445,OH
R49,HO2,R449,OH
R49,HO2,R453,OH
R49,HO2,R461,OH
R49,HO2,R468,OH
R49,HO2,R469,OH
R49,HO2,R474,OH
R49,HO2,R476,OH
R49,HO2,R488,OH
R49,HO2,R492,OH
R49,HO2,R497,OH
R49,HO2,R500,OH
R49,HO2,R507,OH
R49,HO2,R534,OH
R49,HO2,R535,OH
R49,HO2,R543,OH
R49,HO2,R546,OH
R49,HO2,R559,OH
R49,HO2,R562,OH
R49,HO2,R570,OH
R49,HO2,R573,OH
R49,HO2,R574,OH
R49,HO2,R581,OH
R49,HO2,R633,OH
R50,HO2,R15,OH
R50,HO2,R22,OH
R50,HO2,R44,OH
R50,HO2,R89,OH
R50,HO2,R90,OH
R50,HO2,R113,OH
R50,HO2,R204,OH
R50,HO2,R216,OH
R50,HO2,R401,OH
R50,HO2,R403,OH
R50,HO2,R445,OH
R50,HO2,R449,OH
R50,HO2,R453,OH
R50,HO2,R461,OH
R50,HO2,R468,OH
R50,HO2,R469,OH
R50,HO2,R474,OH
R50,HO2,R476,OH
R50,HO2,R488,OH
R50,HO2,R492,OH
R50,HO2,R497,OH
R50,HO2,R500,OH
R50,HO2,R507,OH
R50,HO2,R534,OH
R50,HO2,R535,OH
R50,HO2,R543,OH
R50,HO2,R546,OH
R50,HO2,R559,OH
R50,HO2,R562,OH
R50,HO2,R570,OH
R50,HO2,R573,OH
R50,HO2,R574,OH
R50,HO2,R581,OH
R50,HO2,R633,OH
R52,HO2,R89,CH2O
R52,HO2,R401,CH2O
R52,HO2,R403,CH2O
R52,HO2,R445,CH2O
R52,HO2,R449,CH2O
R52,HO2,R469,CH2O
R52,HO2,R488,CH2O
R52,HO2,R492,CH2O
R52,HO2,R497,CH2O
R52,HO2,R500,CH2O
R52,HO2,R507,CH2O
R52,HO2,R534,CH2O
R52,HO2,R535,CH2O
R52,HO2,R570,CH2O
R52,HO2,R573,CH2O
R52,HO2,R574,CH2O
R53,HO2,R15,OH
R53,HO2,R22,OH
R53,HO2,R44,OH
R53,HO2,R89,OH
R53,HO2,R90,ALD2
R53,HO2,R90,OH
R53,HO2,R113,OH
R53,HO2,R204,OH
R53,HO2,R216,OH
R53,HO2,R401,OH
R53,HO2,R403,OH
R53,HO2,R445,OH
R53,HO2,R449,OH
R53,HO2,R453,OH
R53,HO2,R461,OH
R53,HO2,R468,OH
R53,HO2,R469,OH
R53,HO2,R474,OH
R53,HO2,R476,OH
R53,HO2,R488,OH
R53,HO2,R492,OH
R53,HO2,R497,OH
R53,HO2,R500,OH
R53,HO2,R507,OH
R53,HO2,R534,OH
R53,HO2,R535,OH
R53,HO2,R543,OH
R53,HO2,R546,OH
R53,HO2,R559,OH
R53,HO2,R562,OH
R53,HO2,R570,OH
R53,HO2,R573,OH
R53,HO2,R574,OH
R53,HO2,R581,OH
R53,HO2,R633,OH
R61,HO2,R113,OTHRO2
R64,HO2,R113,A3O2
R73,HO2,R113,B3O2
R85,HO2,R113,A3O2
R85,HO2,R574,MO2
R86,HO2,R574,MO2
R94,HO2,R574,MO2
R95,HO2,R113,OTHRO2
R95,HO2,R574,MO2
R97,HO2,R574,MO2
R98,HO2,R574,MO2
R99,HO2,R574,MO2
R100,HO2,R574,MO2
R101,HO2,R113,B3O2
R101,HO2,R574,MO2
R102,HO2,R574,MO2
R104,HO2,R15,OH
R104,HO2,R22,OH
R104,HO2,R44,OH
R104,HO2,R89,OH
R104,HO2,R90,OH
R104,HO2,R113,OH
R104,HO2,R204,OH
R104,HO2,R216,OH
R104,HO2,R401,OH
R104,HO2,R403,OH
R104,HO2,R445,OH
R104,HO2,R449,OH
R104,HO2,R453,OH
R104,HO2,R461,OH
R104,HO2,R468,OH
R104,HO2,R469,OH
R104,HO2,R474,OH
R104,HO2,R476,OH
R104,HO2,R488,OH
R104,HO2,R492,OH
R104,HO2,R497,OH
R104,HO2,R500,OH
R104,HO2,R507,OH
R104,HO2,R534,OH
R104,HO2,R535,OH
R104,HO2,R543,OH
R104,HO2,R546,OH
R104,HO2,R559,OH
R104,HO2,R562,OH
R104,HO2,R570,OH
R104,HO2,R573,OH
R104,HO2,R574,OH
R104,HO2,R581,OH
R104,HO2,R633,OH
R106,HO2,R113,OTHRO2
R115,HO2,R113,O3
R115,HO2,R574,O3
R115,HO2,R581,O3
R115,HO2,R633,O3
R116,HO2,R15,OH
R116,HO2,R22,OH
R116,HO2,R44,OH
R116,HO2,R89,OH
R116,HO2,R90,OH
R116,HO2,R113,OH
R116,HO2,R204,OH
R116,HO2,R216,OH
R116,HO2,R401,OH
R116,HO2,R403,OH
R116,HO2,R445,OH
R116,HO2,R449,GLYC
R116,HO2,R449,OH
R116,HO2,R453,GLYC
R116,HO2,R453,OH
R116,HO2,R461,GLYC
R116,HO2,R461,OH
R116,HO2,R468,OH
R116,HO2,R469,OH
R116,HO2,R474,OH
R116,HO2,R476,OH
R116,HO2,R488,GLYC
R116,HO2,R488,OH
R116,HO2,R492,OH
R116,HO2,R497,GLYC
R116,HO2,R497,OH
R116,HO2,R500,OH
R116,HO2,R507,OH
R116,HO2,R534,GLYC
R116,HO2,R534,OH
R116,HO2,R535,OH
R116,HO2,R543,OH
R116,HO2,R546,GLYC
R116,HO2,R546,OH
R116,HO2,R559,OH
R116,HO2,R562,OH
R116,HO2,R570,GLYC
R116,HO2,R570,OH
R116,HO2,R573,OH
R116,HO2,R574,OH
R116,HO2,R581,OH
R116,HO2,R633,OH
R119,HO2,R15,OH
R119,HO2,R22,OH
R119,HO2,R44,OH
R119,HO2,R89,OH
R119,HO2,R90,OH
R119,HO2,R113,OH
R119,HO2,R204,OH
R119,HO2,R216,OH
R119,HO2,R401,OH
R119,HO2,R403,OH
R119,HO2,R445,OH
R119,HO2,R449,OH
R119,HO2,R453,OH
R119,HO2,R461,OH
R119,HO2,R468,GLYX
R119,HO2,R468,OH
R119,HO2,R469,OH
R119,HO2,R474,OH
R119,HO2,R476,OH
R119,HO2,R488,OH
R119,HO2,R492,OH
R119,HO2,R497,OH
R119,HO2,R500,OH
R119,HO2,R507,OH
R119,HO2,R534,OH
R119,HO2,R535,OH
R119,HO2,R543,OH
R119,HO2,R546,OH
R119,HO2,R559,OH
R119,HO2,R562,OH
R119,HO2,R570,OH
R119,HO2,R573,OH
R119,HO2,R574,OH
R119,HO2,R581,OH
R119,HO2,R633,OH
R121,HO2,R468,GLYX
R123,HO2,R15,OH
R123,HO2,R22,OH
R123,HO2,R44,OH
R123,HO2,R89,OH
R123,HO2,R90,OH
R123,HO2,R113,OH
R123,HO2,R204,OH
R123,HO2,R216,OH
R123,HO2,R401,OH
R123,HO2,R403,OH
R123,HO2,R445,HAC
R123,HO2,R445,OH
R123,HO2,R449,OH
R123,HO2,R453,HAC
R123,HO2,R453,OH
R123,HO2,R461,OH
R123,HO2,R468,HAC
R123,HO2,R468,OH
R123,HO2,R469,HAC
R123,HO2,R469,OH
R123,HO2,R474,OH
R123,HO2,R476,OH
R123,HO2,R488,HAC
R123,HO2,R488,OH
R123,HO2,R492,OH
R123,HO2,R497,OH
R123,HO2,R500,HAC
R123,HO2,R500,OH
R123,HO2,R507,OH
R123,HO2,R534,HAC
R123,HO2,R534,OH
R123,HO2,R535,OH
R123,HO2,R543,OH
R123,HO2,R546,OH
R123,HO2,R559,OH
R123,HO2,R562,OH
R123,HO2,R570,OH
R123,HO2,R573,HAC
R123,HO2,R573,OH
R123,HO2,R574,OH
R123,HO2,R581,HAC
R123,HO2,R581,OH
R123,HO2,R633,OH
R125,HO2,R89,MCO3
R125,HO2,R90,MCO3
R125,HO2,R113,A3O2
R125,HO2,R570,MCO3
R125,HO2,R574,MCO3
R126,HO2,R89,MCO3
R126,HO2,R90,MCO3
R126,HO2,R570,MCO3
R126,HO2,R574,MCO3
R129,HO2,R574,MO2
R142,HO2,R89,MCO3
R142,HO2,R90,MCO3
R142,HO2,R570,MCO3
R142,HO2,R574,MCO3
R144,HO2,R89,MCO3
R144,HO2,R90,MCO3
R144,HO2,R570,MCO3
R144,HO2,R574,MCO3
R147,HO2,R89,MCO3
R147,HO2,R90,MCO3
R147,HO2,R113,B3O2
R147,HO2,R570,MCO3
R147,HO2,R574,MCO3
R156,HO2,R89,MCO3
R156,HO2,R90,MCO3
R156,HO2,R570,MCO3
R156,HO2,R574,MCO3
R157,HO2,R89,MCO3
R157,HO2,R90,MCO3
R157,HO2,R113,OTHRO2
R157,HO2,R570,MCO3
R157,HO2,R574,MCO3
R167,HO2,R15,OH
R167,HO2,R22,OH
R167,HO2,R44,OH
R167,HO2,R89,OH
R167,HO2,R90,OH
R167,HO2,R113,OH
R167,HO2,R204,OH
R167,HO2,R216,OH
R167,HO2,R401,OH
R167,HO2,R403,OH
R167,HO2,R445,OH
R167,HO2,R449,OH
R167,HO2,R453,OH
R167,HO2,R461,OH
R167,HO2,R468,OH
R167,HO2,R469,OH
R167,HO2,R474,OH
R167,HO2,R476,OH
R167,HO2,R488,OH
R167,HO2,R492,OH
R167,HO2,R497,OH
R167,HO2,R500,OH
R167,HO2,R507,OH
R167,HO2,R534,OH
R167,HO2,R535,OH
R167,HO2,R543,OH
R167,HO2,R546,OH
R167,HO2,R559,OH
R167,HO2,R562,OH
R167,HO2,R570,OH
R167,HO2,R573,OH
R167,HO2,R574,OH
R167,HO2,R581,OH
R167,HO2,R633,OH
R179,HO2,R15,OH
R179,HO2,R22,OH
R179,HO2,R44,OH
R179,HO2,R89,OH
R179,HO2,R90,OH
R179,HO2,R113,OH
R179,HO2,R204,OH
R179,HO2,R216,OH
R179,HO2,R401,OH
R179,HO2,R403,OH
R179,HO2,R445,OH
R179,HO2,R449,OH
R179,HO2,R453,OH
R179,HO2,R461,OH
R179,HO2,R468,OH
R179,HO2,R469,OH
R179,HO2,R474,OH
R179,HO2,R476,OH
R179,HO2,R488,OH
R179,HO2,R492,OH
R179,HO2,R497,OH
R179,HO2,R500,OH
R179,HO2,R507,OH
R179,HO2,R534,OH
R179,HO2,R535,OH
R179,HO2,R543,OH
R179,HO2,R546,OH
R179,HO2,R559,OH
R179,HO2,R562,OH
R179,HO2,R570,OH
R179,HO2,R573,OH
R179,HO2,R574,OH
R179,HO2,R581,OH
R179,HO2,R633,OH
R190,HO2,R15,OH
R190,HO2,R22,OH
R190,HO2,R44,OH
R190,HO2,R89,OH
R190,HO2,R90,OH
R190,HO2,R113,OH
R190,HO2,R204,OH
R190,HO2,R216,OH
R190,HO2,R401,OH
R190,HO2,R403,OH
R190,HO2,R445,OH
R190,HO2,R449,OH
R190,HO2,R453,OH
R190,HO2,R461,OH
R190,HO2,R468,OH
R190,HO2,R469,OH
R190,HO2,R474,OH
R190,HO2,R476,OH
R190,HO2,R488,OH
R190,HO2,R492,OH
R190,HO2,R497,OH
R190,HO2,R500,OH
R190,HO2,R507,OH
R190,HO2,R534,OH
R190,HO2,R535,OH
R190,HO2,R543,OH
R190,HO2,R546,OH
R190,HO2,R559,OH
R190,HO2,R562,OH
R190,HO2,R570,OH
R190,HO2,R573,OH
R190,HO2,R574,OH
R190,HO2,R581,OH
R190,HO2,R633,OH
R213,HO2,R23,H2O2
R213,HO2,R217,O
R223,HO2,R89,CH2O
R223,HO2,R217,O
R223,HO2,R401,CH2O
R223,HO2,R403,CH2O
R223,HO2,R445,CH2O
R223,HO2,R449,CH2O
R223,HO2,R469,CH2O
R223,HO2,R488,CH2O
R223,HO2,R492,CH2O
R223,HO2,R497,CH2O
R223,HO2,R500,CH2O
R223,HO2,R507,CH2O
R223,HO2,R534,CH2O
R223,HO2,R535,CH2O
R223,HO2,R570,CH2O
R223,HO2,R573,CH2O
R223,HO2,R574,CH2O
R244,HO2,R574,MO2
R245,HO2,R15,OH
R245,HO2,R22,OH
R245,HO2,R44,OH
R245,HO2,R89,OH
R245,HO2,R90,OH
R245,HO2,R113,OH
R245,HO2,R204,OH
R245,HO2,R216,OH
R245,HO2,R401,OH
R245,HO2,R403,OH
R245,HO2,R445,OH
R245,HO2,R449,OH
R245,HO2,R453,OH
R245,HO2,R461,OH
R245,HO2,R468,OH
R245,HO2,R469,OH
R245,HO2,R474,OH
R245,HO2,R476,OH
R245,HO2,R488,OH
R245,HO2,R492,OH
R245,HO2,R497,OH
R245,HO2,R500,OH
R245,HO2,R507,OH
R245,HO2,R534,OH
R245,HO2,R535,OH
R245,HO2,R543,OH
R245,HO2,R546,OH
R245,HO2,R559,OH
R245,HO2,R562,OH
R245,HO2,R570,OH
R245,HO2,R573,OH
R245,HO2,R574,OH
R245,HO2,R581,OH
R245,HO2,R633,OH
R253,HO2,R15,OH
R253,HO2,R22,OH
R253,HO2,R44,OH
R253,HO2,R89,OH
R253,HO2,R90,OH
R253,HO2,R113,OH
R253,HO2,R204,OH
R253,HO2,R216,OH
R253,HO2,R401,OH
R253,HO2,R403,OH
R253,HO2,R445,OH
R253,HO2,R449,OH
R253,HO2,R453,OH
R253,HO2,R461,OH
R253,HO2,R468,OH
R253,HO2,R469,OH
R253,HO2,R474,OH
R253,HO2,R476,OH
R253,HO2,R488,OH
R253,HO2,R492,OH
R253,HO2,R497,OH
R253,HO2,R500,OH
R253,HO2,R507,OH
R253,HO2,R534,OH
R253,HO2,R535,OH
R253,HO2,R543,OH
R253,HO2,R546,OH
R253,HO2,R559,OH
R253,HO2,R562,OH
R253,HO2,R570,OH
R253,HO2,R573,OH
R253,HO2,R574,OH
R253,HO2,R581,OH
R253,HO2,R633,OH
R254,HO2,R15,OH
R254,HO2,R22,OH
R254,HO2,R44,OH
R254,HO2,R89,OH
R254,HO2,R90,OH
R254,HO2,R113,OH
R254,HO2,R204,OH
R254,HO2,R216,OH
R254,HO2,R401,OH
R254,HO2,R403,OH
R254,HO2,R445,OH
R254,HO2,R449,OH
R254,HO2,R453,OH
R254,HO2,R461,OH
R254,HO2,R468,OH
R254,HO2,R469,OH
R254,HO2,R474,OH
R254,HO2,R476,OH
R254,HO2,R488,OH
R254,HO2,R492,OH
R254,HO2,R497,OH
R254,HO2,R500,OH
R254,HO2,R507,OH
R254,HO2,R534,OH
R254,HO2,R535,OH
R254,HO2,R543,OH
R254,HO2,R546,OH
R254,HO2,R559,OH
R254,HO2,R562,OH
R254,HO2,R570,OH
R254,HO2,R573,OH
R254,HO2,R574,OH
R254,HO2,R581,OH
R254,HO2,R633,OH
R255,HO2,R15,OH
R255,HO2,R22,OH
R255,HO2,R44,OH
R255,HO2,R89,OH
R255,HO2,R90,OH
R255,HO2,R113,OH
R255,HO2,R204,OH
R255,HO2,R216,OH
R255,HO2,R401,OH
R255,HO2,R403,OH
R255,HO2,R445,OH
R255,HO2,R449,OH
R255,HO2,R453,OH
R255,HO2,R461,OH
R255,HO2,R468,OH
R255,HO2,R469,OH
R255,HO2,R474,OH
R255,HO2,R476,OH
R255,HO2,R488,OH
R255,HO2,R492,OH
R255,HO2,R497,OH
R255,HO2,R500,OH
R255,HO2,R507,OH
R255,HO2,R534,OH
R255,HO2,R535,OH
R255,HO2,R543,OH
R255,HO2,R546,OH
R255,HO2,R559,OH
R255,HO2,R562,OH
R255,HO2,R570,OH
R255,HO2,R573,OH
R255,HO2,R574,OH
R255,HO2,R581,OH
R255,HO2,R633,OH
R262,HO2,R89,CH2O
R262,HO2,R401,CH2O
R262,HO2,R403,CH2O
R262,HO2,R445,CH2O
R262,HO2,R449,CH2O
R262,HO2,R469,CH2O
R262,HO2,R488,CH2O
R262,HO2,R492,CH2O
R262,HO2,R497,CH2O
R262,HO2,R500,CH2O
R262,HO2,R507,CH2O
R262,HO2,R534,CH2O
R262,HO2,R535,CH2O
R262,HO2,R570,CH2O
R262,HO2,R573,CH2O
R262,HO2,R574,CH2O
R265,HO2,R23,H2O2
R294,HO2,R113,OTHRO2
R355,HO2,R574,MO2
R356,HO2,R89,MCO3
R356,HO2,R90,MCO3
R356,HO2,R570,MCO3
R356,HO2,R574,MCO3
R358,HO2,R113,O3
R358,HO2,R574,O3
R358,HO2,R581,O3
R358,HO2,R633,O3
R359,HO2,R113,O3
R359,HO2,R574,O3
R359,HO2,R581,O3
R359,HO2,R633,O3
R363,HO2,R113,O3
R363,HO2,R574,O3
R363,HO2,R581,O3
R363,HO2,R633,O3
R367,HO2,R574,MO2
R375,HO2,R574,MO2
R376,HO2,R574,MO2
R377,HO2,R89,MCO3
R377,HO2,R90,MCO3
R377,HO2,R570,MCO3
R377,HO2,R574,MCO3
R396,HO2,R113,O3
R396,HO2,R574,O3
R396,HO2,R581,O3
R396,HO2,R633,O3
R415,HO2,R574,MO2
R416,HO2,R574,MO2
R417,HO2,R574,MO2
R418,HO2,R574,MO2
R433,HO2,R15,OH
R433,HO2,R22,OH
R433,HO2,R44,OH
R433,HO2,R89,OH
R433,HO2,R90,OH
R433,HO2,R113,OH
R433,HO2,R204,OH
R433,HO2,R216,OH
R433,HO2,R401,OH
R433,HO2,R403,OH
R433,HO2,R445,OH
R433,HO2,R449,OH
R433,HO2,R453,OH
R433,HO2,R461,OH
R433,HO2,R468,OH
R433,HO2,R469,OH
R433,HO2,R474,OH
R433,HO2,R476,OH
R433,HO2,R488,OH
R433,HO2,R492,OH
R433,HO2,R497,OH
R433,HO2,R500,OH
R433,HO2,R507,OH
R433,HO2,R534,OH
R433,HO2,R535,OH
R433,HO2,R543,OH
R433,HO2,R546,OH
R433,HO2,R559,OH
R433,HO2,R562,OH
R433,HO2,R570,OH
R433,HO2,R573,OH
R433,HO2,R574,OH
R433,HO2,R581,OH
R433,HO2,R633,OH
R438,HO2,R15,OH
R438,HO2,R22,OH
R438,HO2,R44,OH
R438,HO2,R89,OH
R438,HO2,R90,OH
R438,HO2,R113,OH
R438,HO2,R204,OH
R438,HO2,R216,OH
R438,HO2,R401,RIPA
R438,HO2,R401,OH
R438,HO2,R403,OH
R438,HO2,R445,OH
R438,HO2,R449,OH
R438,HO2,R453,OH
R438,HO2,R461,OH
R438,HO2,R468,OH
R438,HO2,R469,OH
R438,HO2,R474,OH
R438,HO2,R476,OH
R438,HO2,R488,OH
R438,HO2,R492,OH
R438,HO2,R497,OH
R438,HO2,R500,OH
R438,HO2,R507,OH
R438,HO2,R534,OH
R438,HO2,R535,OH
R438,HO2,R543,OH
R438,HO2,R546,OH
R438,HO2,R559,OH
R438,HO2,R562,OH
R438,HO2,R570,OH
R438,HO2,R573,OH
R438,HO2,R574,OH
R438,HO2,R581,OH
R438,HO2,R633,OH
R439,HO2,R15,OH
R439,HO2,R22,OH
R439,HO2,R44,OH
R439,HO2,R89,OH
R439,HO2,R90,OH
R439,HO2,R113,OH
R439,HO2,R204,OH
R439,HO2,R216,OH
R439,HO2,R401,OH
R439,HO2,R403,RIPB
R439,HO2,R403,OH
R439,HO2,R445,OH
R439,HO2,R449,OH
R439,HO2,R453,OH
R439,HO2,R461,OH
R439,HO2,R468,OH
R439,HO2,R469,OH
R439,HO2,R474,OH
R439,HO2,R476,OH
R439,HO2,R488,OH
R439,HO2,R492,OH
R439,HO2,R497,OH
R439,HO2,R500,OH
R439,HO2,R507,OH
R439,HO2,R534,OH
R439,HO2,R535,OH
R439,HO2,R543,OH
R439,HO2,R546,OH
R439,HO2,R559,OH
R439,HO2,R562,OH
R439,HO2,R570,OH
R439,HO2,R573,OH
R439,HO2,R574,OH
R439,HO2,R581,OH
R439,HO2,R633,OH
R441,HO2,R15,OH
R441,HO2,R22,OH
R441,HO2,R44,OH
R441,HO2,R89,OH
R441,HO2,R90,OH
R441,HO2,R113,OH
R441,HO2,R204,OH
R441,HO2,R216,OH
R441,HO2,R401,OH
R441,HO2,R403,OH
R441,HO2,R404,RIPD
R441,HO2,R445,OH
R441,HO2,R449,OH
R441,HO2,R453,OH
R441,HO2,R461,OH
R441,HO2,R468,OH
R441,HO2,R469,OH
R441,HO2,R474,OH
R441,HO2,R476,OH
R441,HO2,R488,OH
R441,HO2,R492,OH
R441,HO2,R497,OH
R441,HO2,R500,OH
R441,HO2,R507,OH
R441,HO2,R534,OH
R441,HO2,R535,OH
R441,HO2,R543,OH
R441,HO2,R546,OH
R441,HO2,R559,OH
R441,HO2,R562,OH
R441,HO2,R570,OH
R441,HO2,R573,OH
R441,HO2,R574,OH
R441,HO2,R581,OH
R441,HO2,R633,OH
R454,HO2,R15,OH
R454,HO2,R22,OH
R454,HO2,R44,OH
R454,HO2,R89,OH
R454,HO2,R90,OH
R454,HO2,R113,OH
R454,HO2,R204,OH
R454,HO2,R216,OH
R454,HO2,R401,OH
R454,HO2,R403,OH
R454,HO2,R445,OH
R454,HO2,R449,OH
R454,HO2,R453,OH
R454,HO2,R461,OH
R454,HO2,R468,OH
R454,HO2,R469,OH
R454,HO2,R474,OH
R454,HO2,R476,OH
R454,HO2,R488,OH
R454,HO2,R492,OH
R454,HO2,R497,OH
R454,HO2,R500,OH
R454,HO2,R507,OH
R454,HO2,R534,OH
R454,HO2,R535,OH
R454,HO2,R543,OH
R454,HO2,R546,OH
R454,HO2,R559,OH
R454,HO2,R562,OH
R454,HO2,R570,OH
R454,HO2,R573,OH
R454,HO2,R574,OH
R454,HO2,R581,OH
R454,HO2,R633,OH
R455,HO2,R15,OH
R455,HO2,R22,OH
R455,HO2,R44,OH
R455,HO2,R89,OH
R455,HO2,R90,OH
R455,HO2,R113,OH
R455,HO2,R204,OH
R455,HO2,R216,OH
R455,HO2,R401,OH
R455,HO2,R403,OH
R455,HO2,R445,OH
R455,HO2,R449,OH
R455,HO2,R453,OH
R455,HO2,R461,OH
R455,HO2,R468,OH
R455,HO2,R469,OH
R455,HO2,R474,OH
R455,HO2,R476,OH
R455,HO2,R488,OH
R455,HO2,R492,OH
R455,HO2,R497,OH
R455,HO2,R500,OH
R455,HO2,R507,OH
R455,HO2,R534,OH
R455,HO2,R535,OH
R455,HO2,R543,OH
R455,HO2,R546,OH
R455,HO2,R559,OH
R455,HO2,R562,OH
R455,HO2,R570,OH
R455,HO2,R573,OH
R455,HO2,R574,OH
R455,HO2,R581,OH
R455,HO2,R633,OH
R457,HO2,R15,OH
R457,HO2,R22,OH
R457,HO2,R44,OH
R457,HO2,R89,OH
R457,HO2,R90,OH
R457,HO2,R113,OH
R457,HO2,R204,OH
R457,HO2,R216,OH
R457,HO2,R401,OH
R457,HO2,R403,OH
R457,HO2,R445,OH
R457,HO2,R449,OH
R457,HO2,R453,OH
R457,HO2,R461,OH
R457,HO2,R468,OH
R457,HO2,R469,OH
R457,HO2,R474,OH
R457,HO2,R476,OH
R457,HO2,R488,OH
R457,HO2,R492,OH
R457,HO2,R497,OH
R457,HO2,R500,OH
R457,HO2,R507,OH
R457,HO2,R534,OH
R457,HO2,R535,OH
R457,HO2,R543,OH
R457,HO2,R546,OH
R457,HO2,R559,OH
R457,HO2,R562,OH
R457,HO2,R570,OH
R457,HO2,R573,OH
R457,HO2,R574,OH
R457,HO2,R581,OH
R457,HO2,R633,OH
R485,HO2,R15,OH
R485,HO2,R22,OH
R485,HO2,R44,OH
R485,HO2,R89,OH
R485,HO2,R90,OH
R485,HO2,R113,OH
R485,HO2,R204,OH
R485,HO2,R216,OH
R485,HO2,R401,OH
R485,HO2,R403,OH
R485,HO2,R445,OH
R485,HO2,R449,OH
R485,HO2,R453,OH
R485,HO2,R461,OH
R485,HO2,R468,OH
R485,HO2,R469,OH
R485,HO2,R474,OH
R485,HO2,R476,OH
R485,HO2,R488,OH
R485,HO2,R492,OH
R485,HO2,R497,OH
R485,HO2,R500,OH
R485,HO2,R507,OH
R485,HO2,R534,OH
R485,HO2,R535,OH
R485,HO2,R543,OH
R485,HO2,R546,OH
R485,HO2,R559,OH
R485,HO2,R562,OH
R485,HO2,R570,OH
R485,HO2,R573,OH
R485,HO2,R574,OH
R485,HO2,R581,OH
R485,HO2,R633,OH
R486,HO2,R15,OH
R486,HO2,R22,OH
R486,HO2,R44,OH
R486,HO2,R89,OH
R486,HO2,R90,OH
R486,HO2,R113,OH
R486,HO2,R204,OH
R486,HO2,R216,OH
R486,HO2,R401,OH
R486,HO2,R403,OH
R486,HO2,R445,OH
R486,HO2,R449,OH
R486,HO2,R453,OH
R486,HO2,R461,OH
R486,HO2,R468,OH
R486,HO2,R469,OH
R486,HO2,R474,OH
R486,HO2,R476,OH
R486,HO2,R488,OH
R486,HO2,R492,OH
R486,HO2,R497,OH
R486,HO2,R500,OH
R486,HO2,R507,OH
R486,HO2,R534,OH
R486,HO2,R535,OH
R486,HO2,R543,OH
R486,HO2,R546,OH
R486,HO2,R559,OH
R486,HO2,R562,OH
R486,HO2,R570,OH
R486,HO2,R573,OH
R486,HO2,R574,OH
R486,HO2,R581,OH
R486,HO2,R633,OH
R512,HO2,R574,MO2
R513,HO2,R574,MO2
R515,HO2,R89,MCO3
R515,HO2,R90,MCO3
R515,HO2,R570,MCO3
R515,HO2,R574,MCO3
R541,HO2,R15,OH
R541,HO2,R22,OH
R541,HO2,R44,OH
R541,HO2,R89,OH
R541,HO2,R90,OH
R541,HO2,R113,OH
R541,HO2,R204,OH
R541,HO2,R216,OH
R541,HO2,R401,OH
R541,HO2,R403,OH
R541,HO2,R445,OH
R541,HO2,R449,OH
R541,HO2,R453,OH
R541,HO2,R461,OH
R541,HO2,R468,OH
R541,HO2,R469,OH
R541,HO2,R474,OH
R541,HO2,R476,OH
R541,HO2,R488,OH
R541,HO2,R492,OH
R541,HO2,R497,OH
R541,HO2,R500,OH
R541,HO2,R507,OH
R541,HO2,R534,OH
R541,HO2,R535,OH
R541,HO2,R543,OH
R541,HO2,R546,OH
R541,HO2,R559,OH
R541,HO2,R562,OH
R541,HO2,R570,OH
R541,HO2,R573,OH
R541,HO2,R574,OH
R541,HO2,R581,OH
R541,HO2,R633,OH
R548,HO2,R113,O3
R548,HO2,R401,MVK
R548,HO2,R474,MVK
R548,HO2,R507,MVK
R548,HO2,R574,O3
R548,HO2,R581,O3
R548,HO2,R633,O3
R549,HO2,R15,OH
R549,HO2,R22,OH
R549,HO2,R44,OH
R549,HO2,R89,OH
R549,HO2,R90,OH
R549,HO2,R113,OH
R549,HO2,R204,OH
R549,HO2,R216,OH
R549,HO2,R401,OH
R549,HO2,R403,MACR
R549,HO2,R403,OH
R549,HO2,R445,OH
R549,HO2,R449,OH
R549,HO2,R453,OH
R549,HO2,R461,OH
R549,HO2,R468,OH
R549,HO2,R469,OH
R549,HO2,R474,OH
R549,HO2,R476,MACR
R549,HO2,R476,OH
R549,HO2,R488,OH
R549,HO2,R492,OH
R549,HO2,R497,OH
R549,HO2,R500,OH
R549,HO2,R507,MACR
R549,HO2,R507,OH
R549,HO2,R534,OH
R549,HO2,R535,OH
R549,HO2,R543,OH
R549,HO2,R546,OH
R549,HO2,R559,OH
R549,HO2,R562,OH
R549,HO2,R570,OH
R549,HO2,R573,OH
R549,HO2,R574,OH
R549,HO2,R581,OH
R549,HO2,R633,OH
R564,HO2,R15,OH
R564,HO2,R22,OH
R564,HO2,R44,OH
R564,HO2,R89,OH
R564,HO2,R90,OH
R564,HO2,R113,OH
R564,HO2,R204,OH
R564,HO2,R216,OH
R564,HO2,R401,OH
R564,HO2,R403,OH
R564,HO2,R445,OH
R564,HO2,R449,OH
R564,HO2,R453,OH
R564,HO2,R461,OH
R564,HO2,R468,OH
R564,HO2,R469,OH
R564,HO2,R474,OH
R564,HO2,R476,OH
R564,HO2,R488,OH
R564,HO2,R492,OH
R564,HO2,R497,OH
R564,HO2,R500,OH
R564,HO2,R507,OH
R564,HO2,R534,OH
R564,HO2,R535,OH
R564,HO2,R543,OH
R564,HO2,R546,OH
R564,HO2,R559,OH
R564,HO2,R562,OH
R564,HO2,R570,OH
R564,HO2,R573,OH
R564,HO2,R574,OH
R564,HO2,R581,OH
R564,HO2,R633,OH
R566,HO2,R15,OH
R566,HO2,R22,OH
R566,HO2,R44,OH
R566,HO2,R89,OH
R566,HO2,R90,OH
R566,HO2,R113,OH
R566,HO2,R204,OH
R566,HO2,R216,OH
R566,HO2,R401,OH
R566,HO2,R403,OH
R566,HO2,R445,OH
R566,HO2,R449,OH
R566,HO2,R453,OH
R566,HO2,R461,MVKDH
R566,HO2,R461,OH
R566,HO2,R468,OH
R566,HO2,R469,OH
R566,HO2,R474,OH
R566,HO2,R476,OH
R566,HO2,R488,OH
R566,HO2,R492,OH
R566,HO2,R497,OH
R566,HO2,R500,OH
R566,HO2,R507,OH
R566,HO2,R534,OH
R566,HO2,R535,OH
R566,HO2,R543,OH
R566,HO2,R546,OH
R566,HO2,R559,OH
R566,HO2,R562,OH
R566,HO2,R570,OH
R566,HO2,R573,OH
R566,HO2,R574,OH
R566,HO2,R581,OH
R566,HO2,R633,OH
R568,HO2,R15,OH
R568,HO2,R22,OH
R568,HO2,R44,OH
R568,HO2,R89,OH
R568,HO2,R90,OH
R568,HO2,R113,OH
R568,HO2,R204,OH
R568,HO2,R216,OH
R568,HO2,R401,OH
R568,HO2,R403,OH
R568,HO2,R445,OH
R568,HO2,R449,OH
R568,HO2,R453,OH
R568,HO2,R461,OH
R568,HO2,R468,OH
R568,HO2,R469,MVKHC
R568,HO2,R469,OH
R568,HO2,R474,OH
R568,HO2,R476,OH
R568,HO2,R488,OH
R568,HO2,R492,OH
R568,HO2,R497,OH
R568,HO2,R500,OH
R568,HO2,R507,OH
R568,HO2,R534,OH
R568,HO2,R535,OH
R568,HO2,R543,OH
R568,HO2,R546,OH
R568,HO2,R559,OH
R568,HO2,R562,OH
R568,HO2,R570,MVKHC
R568,HO2,R570,OH
R568,HO2,R573,OH
R568,HO2,R574,OH
R568,HO2,R581,OH
R568,HO2,R633,OH
R569,HO2,R15,OH
R569,HO2,R22,OH
R569,HO2,R44,OH
R569,HO2,R89,OH
R569,HO2,R90,OH
R569,HO2,R113,OH
R569,HO2,R204,OH
R569,HO2,R216,OH
R569,HO2,R401,OH
R569,HO2,R403,OH
R569,HO2,R445,OH
R569,HO2,R449,OH
R569,HO2,R453,OH
R569,HO2,R461,OH
R569,HO2,R468,MCRDH
R569,HO2,R468,OH
R569,HO2,R469,OH
R569,HO2,R474,OH
R569,HO2,R476,OH
R569,HO2,R488,OH
R569,HO2,R492,OH
R569,HO2,R497,OH
R569,HO2,R500,OH
R569,HO2,R507,OH
R569,HO2,R534,OH
R569,HO2,R535,OH
R569,HO2,R543,OH
R569,HO2,R546,OH
R569,HO2,R559,OH
R569,HO2,R562,OH
R569,HO2,R570,OH
R569,HO2,R573,OH
R569,HO2,R574,OH
R569,HO2,R581,OH
R569,HO2,R633,OH
R571,HO2,R559,MVKOHOO
R577,HO2,R562,MCROHOO
R585,HO2,R574,MO2
R590,HO2,R15,OH
R590,HO2,R22,OH
R590,HO2,R44,OH
R590,HO2,R89,OH
R590,HO2,R90,OH
R590,HO2,R113,OH
R590,HO2,R204,OH
R590,HO2,R216,OH
R590,HO2,R401,OH
R590,HO2,R403,OH
R590,HO2,R445,OH
R590,HO2,R449,OH
R590,HO2,R453,OH
R590,HO2,R461,OH
R590,HO2,R468,OH
R590,HO2,R469,OH
R590,HO2,R474,OH
R590,HO2,R476,OH
R590,HO2,R488,OH
R590,HO2,R492,OH
R590,HO2,R497,OH
R590,HO2,R500,OH
R590,HO2,R507,OH
R590,HO2,R534,OH
R590,HO2,R535,OH
R590,HO2,R543,OH
R590,HO2,R546,OH
R590,HO2,R559,OH
R590,HO2,R562,OH
R590,HO2,R570,OH
R590,HO2,R573,OH
R590,HO2,R574,OH
R590,HO2,R581,OH
R590,HO2,R633,OH
R594,HO2,R15,OH
R594,HO2,R22,OH
R594,HO2,R44,OH
R594,HO2,R89,OH
R594,HO2,R90,OH
R594,HO2,R113,OH
R594,HO2,R204,OH
R594,HO2,R216,OH
R594,HO2,R401,OH
R594,HO2,R403,OH
R594,HO2,R445,OH
R594,HO2,R449,OH
R594,HO2,R453,OH
R594,HO2,R461,OH
R594,HO2,R468,OH
R594,HO2,R469,OH
R594,HO2,R474,OH
R594,HO2,R476,OH
R594,HO2,R488,ITHN
R594,HO2,R488,OH
R594,HO2,R492,ITHN
R594,HO2,R492,OH
R594,HO2,R497,ITHN
R594,HO2,R497,OH
R594,HO2,R500,ITHN
R594,HO2,R500,OH
R594,HO2,R507,OH
R594,HO2,R534,ITHN
R594,HO2,R534,OH
R594,HO2,R535,ITHN
R594,HO2,R535,OH
R594,HO2,R543,OH
R594,HO2,R546,OH
R594,HO2,R559,OH
R594,HO2,R562,OH
R594,HO2,R570,OH
R594,HO2,R573,OH
R594,HO2,R574,OH
R594,HO2,R581,OH
R594,HO2,R633,OH
R597,HO2,R15,OH
R597,HO2,R22,OH
R597,HO2,R44,OH
R597,HO2,R89,OH
R597,HO2,R90,OH
R597,HO2,R113,OH
R597,HO2,R204,OH
R597,HO2,R216,OH
R597,HO2,R401,OH
R597,HO2,R403,OH
R597,HO2,R445,OH
R597,HO2,R449,OH
R597,HO2,R453,OH
R597,HO2,R461,OH
R597,HO2,R468,OH
R597,HO2,R469,OH
R597,HO2,R474,OH
R597,HO2,R476,OH
R597,HO2,R488,OH
R597,HO2,R492,OH
R597,HO2,R497,OH
R597,HO2,R500,OH
R597,HO2,R507,OH
R597,HO2,R534,OH
R597,HO2,R535,OH
R597,HO2,R543,OH
R597,HO2,R546,OH
R597,HO2,R559,OH
R597,HO2,R562,OH
R597,HO2,R570,OH
R597,HO2,R573,OH
R597,HO2,R574,OH
R597,HO2,R581,OH
R597,HO2,R633,OH
R606,HO2,R15,OH
R606,HO2,R22,OH
R606,HO2,R44,OH
R606,HO2,R89,OH
R606,HO2,R90,OH
R606,HO2,R113,OH
R606,HO2,R204,OH
R606,HO2,R216,OH
R606,HO2,R401,OH
R606,HO2,R403,OH
R606,HO2,R445,OH
R606,HO2,R449,OH
R606,HO2,R453,OH
R606,HO2,R461,OH
R606,HO2,R468,OH
R606,HO2,R469,OH
R606,HO2,R474,OH
R606,HO2,R476,OH
R606,HO2,R488,OH
R606,HO2,R492,OH
R606,HO2,R497,OH
R606,HO2,R500,OH
R606,HO2,R507,OH
R606,HO2,R534,OH
R606,HO2,R535,OH
R606,HO2,R543,OH
R606,HO2,R546,OH
R606,HO2,R559,OH
R606,HO2,R562,OH
R606,HO2,R570,OH
R606,HO2,R573,OH
R606,HO2,R574,OH
R606,HO2,R581,OH
R606,HO2,R633,OH
R610,HO2,R574,MO2
R616,HO2,R15,OH
R616,HO2,R22,OH
R616,HO2,R44,OH
R616,HO2,R89,OH
R616,HO2,R90,OH
R616,HO2,R113,OH
R616,HO2,R204,OH
R616,HO2,R216,OH
R616,HO2,R401,OH
R616,HO2,R403,OH
R616,HO2,R445,OH
R616,HO2,R449,OH
R616,HO2,R453,OH
R616,HO2,R461,OH
R616,HO2,R468,OH
R616,HO2,R469,OH
R616,HO2,R474,OH
R616,HO2,R476,OH
R616,HO2,R488,OH
R616,HO2,R492,OH
R616,HO2,R497,OH
R616,HO2,R500,OH
R616,HO2,R507,OH
R616,HO2,R534,OH
R616,HO2,R535,OH
R616,HO2,R543,OH
R616,HO2,R546,OH
R616,HO2,R559,OH
R616,HO2,R562,OH
R616,HO2,R570,OH
R616,HO2,R573,OH
R616,HO2,R574,OH
R616,HO2,R581,OH
R616,HO2,R633,OH
R617,HO2,R15,OH
R617,HO2,R22,OH
R617,HO2,R44,OH
R617,HO2,R89,OH
R617,HO2,R90,OH
R617,HO2,R113,OH
R617,HO2,R204,OH
R617,HO2,R216,OH
R617,HO2,R401,OH
R617,HO2,R403,OH
R617,HO2,R445,OH
R617,HO2,R449,OH
R617,HO2,R453,OH
R617,HO2,R461,OH
R617,HO2,R468,OH
R617,HO2,R469,OH
R617,HO2,R474,OH
R617,HO2,R476,OH
R617,HO2,R488,OH
R617,HO2,R492,OH
R617,HO2,R497,OH
R617,HO2,R500,OH
R617,HO2,R507,OH
R617,HO2,R534,OH
R617,HO2,R535,OH
R617,HO2,R543,OH
R617,HO2,R546,OH
R617,HO2,R559,OH
R617,HO2,R562,OH
R617,HO2,R570,OH
R617,HO2,R573,OH
R617,HO2,R574,OH
R617,HO2,R581,OH
R617,HO2,R633,OH
R618,HO2,R15,OH
R618,HO2,R22,OH
R618,HO2,R44,OH
R618,HO2,R89,OH
R618,HO2,R90,OH
R618,HO2,R113,OH
R618,HO2,R204,OH
R618,HO2,R216,OH
R618,HO2,R401,OH
R618,HO2,R403,OH
R618,HO2,R445,OH
R618,HO2,R449,OH
R618,HO2,R453,OH
R618,HO2,R461,OH
R618,HO2,R468,OH
R618,HO2,R469,OH
R618,HO2,R474,OH
R618,HO2,R476,OH
R618,HO2,R488,OH
R618,HO2,R492,OH
R618,HO2,R497,OH
R618,HO2,R500,OH
R618,HO2,R507,OH
R618,HO2,R534,OH
R618,HO2,R535,OH
R618,HO2,R543,OH
R618,HO2,R546,OH
R618,HO2,R559,OH
R618,HO2,R562,OH
R618,HO2,R570,OH
R618,HO2,R573,OH
R618,HO2,R574,OH
R618,HO2,R581,OH
R618,HO2,R633,OH
R622,HO2,R574,MO2
R623,HO2,R89,MCO3
R623,HO2,R90,MCO3
R623,HO2,R570,MCO3
R623,HO2,R574,MCO3
R624,HO2,R15,OH
R624,HO2,R22,OH
R624,HO2,R44,OH
R624,HO2,R89,OH
R624,HO2,R90,OH
R624,HO2,R113,OH
R624,HO2,R204,OH
R624,HO2,R216,OH
R624,HO2,R401,OH
R624,HO2,R403,OH
R624,HO2,R445,OH
R624,HO2,R449,OH
R624,HO2,R453,OH
R624,HO2,R461,OH
R624,HO2,R468,OH
R624,HO2,R469,OH
R624,HO2,R474,OH
R624,HO2,R476,OH
R624,HO2,R488,OH
R624,HO2,R492,OH
R624,HO2,R497,OH
R624,HO2,R500,OH
R624,HO2,R507,OH
R624,HO2,R534,OH
R624,HO2,R535,OH
R624,HO2,R543,OH
R624,HO2,R546,OH
R624,HO2,R559,OH
R624,HO2,R562,OH
R624,HO2,R570,OH
R624,HO2,R573,OH
R624,HO2,R574,OH
R624,HO2,R581,OH
R624,HO2,R633,OH
R626,HO2,R15,OH
R626,HO2,R22,OH
R626,HO2,R44,OH
R626,HO2,R89,OH
R626,HO2,R90,OH
R626,HO2,R113,OH
R626,HO2,R204,OH
R626,HO2,R216,OH
R626,HO2,R401,OH
R626,HO2,R403,OH
R626,HO2,R445,OH
R626,HO2,R449,OH
R626,HO2,R453,OH
R626,HO2,R461,OH
R626,HO2,R468,OH
R626,HO2,R469,OH
R626,HO2,R474,OH
R626,HO2,R476,OH
R626,HO2,R488,OH
R626,HO2,R492,OH
R626,HO2,R497,OH
R626,HO2,R500,OH
R626,HO2,R507,OH
R626,HO2,R534,OH
R626,HO2,R535,OH
R626,HO2,R543,OH
R626,HO2,R546,OH
R626,HO2,R559,OH
R626,HO2,R562,OH
R626,HO2,R570,OH
R626,HO2,R573,OH
R626,HO2,R574,OH
R626,HO2,R581,OH
R626,HO2,R633,OH
R629,HO2,R113,O3
R629,HO2,R574,O3
R629,HO2,R581,O3
R629,HO2,R633,O3
R648,HO2,R574,MO2
R648,HO2,R633,BENZO2
R649,HO2,R574,MO2
R651,HO2,R113,O3
R651,HO2,R574,O3
R651,HO2,R581,O3
R651,HO2,R633,O3
R653,HO2,R15,OH
R653,HO2,R22,OH
R653,HO2,R44,OH
R653,HO2,R89,OH
R653,HO2,R90,OH
R653,HO2,R113,OH
R653,HO2,R204,OH
R653,HO2,R216,OH
R653,HO2,R401,OH
R653,HO2,R403,OH
R653,HO2,R445,OH
R653,HO2,R449,OH
R653,HO2,R453,OH
R653,HO2,R461,OH
R653,HO2,R468,OH
R653,HO2,R469,OH
R653,HO2,R474,OH
R653,HO2,R476,OH
R653,HO2,R488,OH
R653,HO2,R492,OH
R653,HO2,R497,OH
R653,HO2,R500,OH
R653,HO2,R507,OH
R653,HO2,R534,OH
R653,HO2,R535,OH
R653,HO2,R543,OH
R653,HO2,R546,OH
R653,HO2,R559,OH
R653,HO2,R562,OH
R653,HO2,R570,OH
R653,HO2,R573,OH
R653,HO2,R574,OH
R653,HO2,R581,OH
R653,HO2,R633,OH
R654,HO2,R113,O3
R654,HO2,R574,O3
R654,HO2,R581,O3
R654,HO2,R633,O3
R762,HO2,R28,MP
R763,HO2,R89,CH2O
R763,HO2,R401,CH2O
R763,HO2,R403,CH2O
R763,HO2,R445,CH2O
R763,HO2,R449,CH2O
R763,HO2,R469,CH2O
R763,HO2,R488,CH2O
R763,HO2,R492,CH2O
R763,HO2,R497,CH2O
R763,HO2,R500,CH2O
R763,HO2,R507,CH2O
R763,HO2,R534,CH2O
R763,HO2,R535,CH2O
R763,HO2,R570,CH2O
R763,HO2,R573,CH2O
R763,HO2,R574,CH2O
R772,HO2,R90,ALD2
R779,HO2,R449,GLYC
R779,HO2,R453,GLYC
R779,HO2,R461,GLYC
R779,HO2,R488,GLYC
R779,HO2,R497,GLYC
R779,HO2,R534,GLYC
R779,HO2,R546,GLYC
R779,HO2,R570,GLYC
R780,HO2,R468,GLYX
R783,HO2,R461,MGLY
R783,HO2,R570,MGLY
R783,HO2,R573,MGLY
R785,HO2,R401,MVK
R785,HO2,R474,MVK
R785,HO2,R507,MVK
R787,HO2,R403,MACR
R787,HO2,R476,MACR
R787,HO2,R507,MACR
R788,HO2,R445,HAC
R788,HO2,R453,HAC
R788,HO2,R468,HAC
R788,HO2,R469,HAC
R788,HO2,R488,HAC
R788,HO2,R500,HAC
R788,HO2,R534,HAC
R788,HO2,R573,HAC
R788,HO2,R581,HAC
R790,HO2,R109,ETP
R790,HO2,R110,ETP
R791,HO2,R111,RA3P
R792,HO2,R91,RB3P
R794,HO2,R112,PP
R856,HO2,R354,PIP
R856,HO2,R366,PIP
R857,HO2,R500,ETHLN
R857,HO2,R534,ETHLN
R857,HO2,R535,ETHLN
R857,HO2,R543,ETHLN
R857,HO2,R546,ETHLN
R870,HO2,R445,HPETHNL
R870,HO2,R534,HPETHNL
R870,HO2,R535,HPETHNL
R873,HO2,R469,MVKHC
R873,HO2,R570,MVKHC
R880,HO2,R492,MVKN
R880,HO2,R500,MVKN
R880,HO2,R534,MVKN
R880,HO2,R535,MVKN
R881,HO2,R488,MCRHN
R881,HO2,R581,MCRHN
R882,HO2,R497,MCRHNB
R882,HO2,R534,MCRHNB
R882,HO2,R535,MCRHNB
R882,HO2,R581,MCRHNB
R883,HO2,R401,RIPA
R884,HO2,R403,RIPB
R885,HO2,R402,RIPC
R895,HO2,R507,INPB
R896,HO2,R508,INPD
R899,HO2,R546,IDN
R902,HO2,R445,IDHDP
R902,HO2,R449,IDHDP
R902,HO2,R453,IDHDP
R905,HO2,R488,ITHN
R905,HO2,R492,ITHN
R905,HO2,R497,ITHN
R905,HO2,R500,ITHN
R905,HO2,R534,ITHN
R905,HO2,R535,ITHN
R906,HO2,R488,ITHN
R906,HO2,R492,ITHN
R906,HO2,R497,ITHN
R906,HO2,R500,ITHN
R906,HO2,R534,ITHN
R906,HO2,R535,ITHN
N,R219,NO,R855
MO2,R102,ALD2,R772
ClO,R277,Cl2O2,R278
NO2,R187,BrNO3,R802
BrO,R187,BrNO3,R802
R86,ALD2,R772,MO2
R94,ALD2,R772,MO2
R95,ALD2,R772,MO2
R97,ALD2,R772,MO2
R98,ALD2,R772,MO2
R100,ALD2,R772,MO2
R126,ALD2,R53,MCO3
R126,ALD2,R54,MCO3
R126,ALD2,R182,MCO3
R126,ALD2,R772,MCO3
R144,ALD2,R53,MCO3
R144,ALD2,R54,MCO3
R144,ALD2,R182,MCO3
R144,ALD2,R772,MCO3
R148,ALD2,R53,MCO3
R148,ALD2,R54,MCO3
R148,ALD2,R182,MCO3
R148,ALD2,R772,MCO3
R149,ALD2,R53,MCO3
R149,ALD2,R54,MCO3
R149,ALD2,R182,MCO3
R149,ALD2,R772,MCO3
R156,ALD2,R53,MCO3
R156,ALD2,R54,MCO3
R156,ALD2,R182,MCO3
R156,ALD2,R772,MCO3
R157,ALD2,R53,MCO3
R157,ALD2,R54,MCO3
R157,ALD2,R182,MCO3
R157,ALD2,R772,MCO3
R158,ALD2,R53,MCO3
R158,ALD2,R54,MCO3
R158,ALD2,R182,MCO3
R158,ALD2,R772,MCO3
R159,ALD2,R53,MCO3
R159,ALD2,R54,MCO3
R159,ALD2,R182,MCO3
R159,ALD2,R772,MCO3
R345,ALD2,R53,CO
R345,ALD2,R772,CO
R345,ALD2,R773,CO
R349,ALD2,R53,H2O
IONO,R838,I,R307
IONO,R838,NO2,R307
PP,R137,PO2,R112
SO4,R854,OH,R12
SO4,R854,OH,R167
SO4,R854,SO2,R1
SO4,R854,SO2,R7
SO4,R854,SO2,R8
SO4,R854,SO2,R9
SO4,R854,SO2,R12
SO4,R854,SO2,R167
SO4,R854,SO2,R344
SO4,R854,SO2,R348
IEPOXAOO,R460,OH,R456
IEPOXAOO,R460,OH,R458
IEPOXAOO,R460,OH,R590
MACR,R551,MCO3,R514
MACR,R551,OH,R439
IHPOO2,R446,OH,R436
IHPOO2,R446,OH,R441
Cl,R293,ClO,R245
Cl,R293,ClO,R268
Cl,R293,ClO,R273
Cl,R293,ClO,R811
OH,R438,IHOO1,R401
OH,R438,IHOO1,R405
OH,R438,IHOO1,R406
OH,R438,IHOO1,R412
OH,R438,IHOO1,R416
OH,R438,IHOO1,R422
OH,R438,MVK,R548
RIPA,R438,IHOO1,R401
H2O,R674,HOBr,R694
H2O,R674,HOBr,R695
H2O,R674,HOBr,R697
H2O,R674,HNO3,R38
OH,R594,ICNOO,R543
OH,R594,MCRENOL,R877
OH,R594,ITCN,R907
OH,R594,CH2O,R223
IO,R331,OIO,R320
IO,R331,I,R314
IO,R331,I,R324
Cl,R280,ClO,R245
Cl,R280,ClO,R268
Cl,R280,ClO,R273
Cl,R280,ClO,R811
MVKN,R880,NO2,R560
MVKN,R880,OH,R486
MVKN,R880,OH,R541
IHOO4,R403,RIPB,R439
IHOO4,R403,OH,R398
IHOO4,R403,OH,R439
IHOO4,R403,OH,R441
NO,R339,NO2,R209
NO,R339,NO2,R760
CO,R338,CH2O,R36
CO,R338,CH2O,R52
CO,R338,CH2O,R223
CO,R338,CH2O,R262
CO,R338,CH2O,R763
CO,R338,CH2O,R764
NO,R22,NO2,R209
NO,R22,NO2,R760
R441,HPALD4,R890,OH
OH,R646,AROMP4,R651
NPHEN,R646,NO2,R645
OH,R479,ISOPNOO2,R492
NO,R66,NO2,R209
NO,R66,NO2,R760
NO2,R271,ClNO3,R816
ClO,R271,ClNO3,R284
ClO,R271,ClNO3,R816
MO2,R98,R4O2,R68
MO2,R98,R4O2,R144
I,R324,IO,R315
I,R324,IO,R330
I,R324,IO,R835
H2O,R718,HNO3,R38
H2O,R718,HOI,R328
HOCl,R691,Cl2,R243
HOCl,R691,H2O,R676
R574,MACR1OOH,R575,MACR1OO
OH,R617,AROMP5,R654
OH,R617,AROMP4,R651
OH,R617,AROMRO2,R619
OH,R617,MVK,R548
GLYC,R779,OH,R613
I2,R833,I,R313
NO,R26,NO2,R209
NO,R26,NO2,R760
MCRHNB,R882,OH,R485
MCRHNB,R882,OH,R541
OH,R628,AROMP4,R651
OH,R628,AROMRO2,R619
OH,R336,CH2O,R223
R484,IDHNDOO2,R500,OH
OH,R256,H2O,R191
NO3,R122,HNO3,R38
MGLY,R122,MCO3,R151
R172,Br,R168,BrO
R172,Br,R180,BrO
R174,Br,R168,BrO
R174,Br,R180,BrO
R178,Br,R170,HBr
R178,Br,R182,HBr
R178,Br,R183,HBr
R178,Br,R184,HBr
R178,Br,R304,HBr
R179,Br,R168,BrO
R179,Br,R180,BrO
R225,Br,R170,HBr
R225,Br,R182,HBr
R225,Br,R183,HBr
R225,Br,R184,HBr
R225,Br,R304,HBr
R281,Br,R168,BrO
R281,Br,R180,BrO
R282,Br,R168,BrO
R282,Br,R180,BrO
R314,Br,R168,BrO
R314,Br,R180,BrO
R315,Br,R168,BrO
R315,Br,R180,BrO
R798,Br,R175,Br2
R799,Br,R168,BrO
R799,Br,R180,BrO
R803,Br,R186,BrNO2
I,R313,I2,R310
I,R313,I2,R326
I,R313,NO3,R310
IONO2,R313,I2,R310
IONO2,R313,NO3,R310
NO,R545,NO2,R209
NO,R545,NO2,R760
OH,R20,H2O,R191
Cl,R265,HCl,R224
Cl,R265,HCl,R249
OH,R257,H2O,R191
MVK,R785,MCO3,R514
R246,HCl,R224,ClO
R246,HCl,R224,OH
R261,HCl,R224,Cl
R261,HCl,R249,Cl
R262,HCl,R224,Cl
R262,HCl,R249,Cl
R264,HCl,R224,Cl
R264,HCl,R249,Cl
R266,HCl,R224,Cl
R266,HCl,R249,Cl
R286,HCl,R224,Cl
R286,HCl,R249,Cl
R289,HCl,R224,Cl
R289,HCl,R249,Cl
R291,HCl,R224,Cl
R291,HCl,R249,Cl
R292,HCl,R224,Cl
R292,HCl,R249,Cl
R295,HCl,R224,Cl
R295,HCl,R249,Cl
R296,HCl,R224,Cl
R296,HCl,R249,Cl
R297,HCl,R224,Cl
R297,HCl,R249,Cl
R298,HCl,R224,Cl
R298,HCl,R249,Cl
R299,HCl,R224,Cl
R299,HCl,R249,Cl
R300,HCl,R224,Cl
R300,HCl,R249,Cl
R301,HCl,R224,Cl
R301,HCl,R249,Cl
R302,HCl,R224,Cl
R302,HCl,R249,Cl
R303,HCl,R224,Cl
R303,HCl,R249,Cl
OH,R556,MACRNO2,R581
MCRHN,R556,MACRNO2,R581
IEPOXAOO,R459,IDCHP,R590
R19,H2O2,R213,OH
R19,H2O2,R761,OH
R341,H2O2,R21,H2O
R342,H2O2,R21,H2O
R349,H2O2,R21,H2O
OH,R190,H2O,R191
INPD,R530,INO2D,R508
OH,R258,H2O,R191
NO,R211,NO2,R209
NO,R211,NO2,R760
O,R211,NO2,R760
R643,BENZO2,R642,BENZP
R644,BENZO2,R639,BENZO
R644,BENZO2,R640,BENZO
R644,BENZO2,R641,BENZO
R644,BENZO2,R648,BENZO
NO,R473,NO2,R209
NO,R473,NO2,R760
NO,R330,NO2,R209
NO,R330,NO2,R760
IO,R330,I,R314
NO,R451,NO2,R209
NO,R451,NO2,R760
IHPOO3,R451,OH,R436
OH,R391,NO3,R44
OH,R391,NO3,R552
HONIT,R391,NO3,R387
HONIT,R391,NO3,R388
NO3,R584,NO2,R16
NO3,R584,NO2,R340
NO3,R584,NO2,R347
NO3,R584,NO2,R639
MO2,R376,MEK,R778
NO,R371,NO2,R209
NO,R371,NO2,R760
HNO2,R766,OH,R39
HNO2,R766,NO,R39
IHPNDOO,R532,OH,R525
MCO3,R152,MEK,R778
KO2,R152,MEK,R93
MEK,R778,MCO3,R144
MEK,R778,MCO3,R150
MEK,R778,MCO3,R356
MEK,R778,MCO3,R378
MEK,R778,MO2,R97
MEK,R778,MO2,R100
MEK,R778,MO2,R355
HC5A,R431,OH,R441
NO,R634,NO2,R209
NO,R634,NO2,R760
NO3,R625,HNO3,R38
Cl,R285,Cl2,R226
Cl,R285,Cl2,R243
Cl,R285,Cl2,R810
ACET,R776,MCO3,R144
ACET,R776,MCO3,R147
ACET,R776,MCO3,R155
ACET,R776,MO2,R97
ACET,R776,MO2,R101
OH,R18,H2O,R191
OH,R18,O,R177
OH,R18,O,R178
OH,R18,O,R204
OH,R18,O,R213
OH,R18,O,R223
OH,R93,KO2,R90
OH,R93,H2O,R191
MEK,R93,KO2,R100
I2O2,R333,IO,R332
OH,R587,NO3,R44
OH,R587,NO3,R552
NO,R471,NO2,R209
NO,R471,NO2,R760
ClO,R273,Cl,R263
ClO,R273,Cl,R294
OH,R597,CH2O,R223
R544,ITHN,R905,OH
R544,ITHN,R906,OH
MO2,R100,MCO3,R57
MO2,R100,MCO3,R125
MO2,R100,MCO3,R126
MO2,R100,MCO3,R141
MO2,R100,MCO3,R144
MO2,R100,MCO3,R147
MO2,R100,MCO3,R148
MO2,R100,MCO3,R149
MO2,R100,MCO3,R156
MO2,R100,MCO3,R157
MO2,R100,MCO3,R160
MO2,R100,MCO3,R356
MO2,R100,MCO3,R377
MO2,R100,MCO3,R378
MO2,R100,MCO3,R514
MO2,R100,MCO3,R515
MO2,R100,MCO3,R623
NO3,R517,NO2,R16
NO3,R517,NO2,R340
NO3,R517,NO2,R347
NO3,R517,NO2,R639
R206,O,R200,O3
R217,O,R203,H
R220,O,R209,NO
R757,O,R200,O3
R760,O,R210,NO2
R769,O,R284,NO3
R799,O,R177,BrO
R811,O,R284,ClO
R855,O,R209,NO
NO3,R609,NO2,R16
NO3,R609,NO2,R340
NO3,R609,NO2,R347
NO3,R609,NO2,R639
NO3,R180,NO2,R16
NO3,R180,NO2,R340
NO3,R180,NO2,R347
NO3,R180,NO2,R639
IEPOXAOO,R461,OH,R456
IEPOXAOO,R461,OH,R458
IEPOXAOO,R461,OH,R590
NO3,R379,NO2,R16
NO3,R379,NO2,R340
NO3,R379,NO2,R347
NO3,R379,NO2,R639
OH,R78,MO2,R416
OH,R78,MO2,R418
OH,R78,H2O,R191
ACTA,R78,MO2,R143
ACTA,R78,H2O,R350
R97,OTHRO2,R157,MO2
R129,OTHRO2,R157,MO2
R132,OTHRO2,R110,ETP
MCROHOO,R573,OH,R549
OH,R456,IEPOXBOO,R465
OH,R456,IEPOXBOO,R468
ClO,R268,Cl,R263
ClO,R268,Cl,R294
R25,MO2,R416,OH
R25,MO2,R418,OH
R57,MO2,R99,MCO3
R115,MO2,R367,PRPE
R124,MO2,R86,HAC
R124,MO2,R99,HAC
R124,MO2,R585,HAC
R125,MO2,R97,A3O2
R125,MO2,R99,MCO3
R125,MO2,R129,A3O2
R126,MO2,R99,MCO3
R141,MO2,R99,MCO3
R144,MO2,R99,MCO3
R147,MO2,R97,B3O2
R147,MO2,R99,MCO3
R147,MO2,R129,B3O2
R148,MO2,R99,MCO3
R149,MO2,R99,MCO3
R156,MO2,R99,MCO3
R157,MO2,R99,MCO3
R160,MO2,R99,MCO3
R163,MO2,R162,MPN
R164,MO2,R416,OH
R164,MO2,R418,OH
R165,MO2,R416,OH
R165,MO2,R418,OH
R291,MO2,R28,MP
R297,MO2,R143,ACTA
R335,MO2,R416,OH
R335,MO2,R418,OH
R356,MO2,R99,MCO3
R377,MO2,R99,MCO3
R378,MO2,R99,MCO3
R514,MO2,R99,MCO3
R515,MO2,R99,MCO3
R575,MO2,R416,OH
R575,MO2,R418,OH
R623,MO2,R99,MCO3
R777,MO2,R97,ACET
R777,MO2,R101,ACET
R786,MO2,R415,MVK
R786,MO2,R513,MVK
OH,R326,HOI,R834
ClO,R811,Cl,R263
ClO,R811,Cl,R294
IONO,R309,NO2,R307
OH,R203,H,R215
OH,R203,H,R216
R177,BrO,R169,HOBr
OH,R398,IHOO4,R407
OH,R398,IHOO4,R408
OH,R398,IHOO4,R413
OH,R398,IHOO4,R418
OH,R398,IHOO4,R426
NO,R64,NO2,R209
NO,R64,NO2,R760
R441,HPALD2,R428,OH
R441,HPALD2,R888,OH
NO,R73,NO2,R209
NO,R73,NO2,R760
HOBr,R700,HBr,R701
NO3,R210,NO2,R16
NO3,R210,NO2,R340
NO3,R210,NO2,R347
NO3,R210,NO2,R639
NO,R57,NO2,R209
NO,R57,NO2,R760
NO,R82,NO2,R209
NO,R82,NO2,R760
NO,R174,NO2,R209
NO,R174,NO2,R760
R550,MACR1OO,R574,OH
R575,MACR1OO,R574,OH
R586,MACR1OO,R580,MPAN
NO2,R16,NO3,R44
NO2,R16,NO3,R45
NO2,R16,NO3,R46
NO2,R16,NO3,R161
NO2,R16,NO3,R357
NO2,R16,NO3,R516
NO2,R16,NO3,R621
NO2,R16,NO3,R641
NO2,R16,NO3,R647
NO2,R16,NO3,R769
OH,R84,ATO2,R89
OH,R84,H2O,R191
IEPOXBOO,R465,OH,R458
IEPOXBOO,R465,OH,R590
OH,R259,H2O,R191
NO,R466,NO2,R209
NO,R466,NO2,R760
IHPNDOO,R535,OH,R525
R128,HAC,R788,MCO3
Cl,R279,Cl2,R226
Cl,R279,Cl2,R243
Cl,R279,Cl2,R810
R111,RA3P,R133,A3O2
NO,R13,NO2,R209
NO,R13,NO2,R760
NO3,R627,HNO3,R38
IHOO1,R406,OH,R397
R307,IONO,R308,I
R307,IONO,R308,NO2
NO2,R162,MPN,R163
R226,ClO,R272,Cl2
R263,ClO,R245,Cl
R294,ClO,R245,Cl
R812,ClO,R281,OClO
NO2,R347,NO3,R44
NO2,R347,NO3,R45
NO2,R347,NO3,R46
NO2,R347,NO3,R161
NO2,R347,NO3,R357
NO2,R347,NO3,R516
NO2,R347,NO3,R621
NO2,R347,NO3,R641
NO2,R347,NO3,R647
NO2,R347,NO3,R769
NO2,R580,MPAN,R586
NO,R365,NO2,R209
NO,R365,NO2,R760
IONO2,R839,NO3,R310
H2O,R191,OH,R21
H2O,R191,OH,R25
H2O,R191,OH,R34
H2O,R191,OH,R36
H2O,R191,OH,R38
H2O,R191,OH,R40
H2O,R191,OH,R43
H2O,R191,OH,R49
H2O,R191,OH,R53
H2O,R191,OH,R58
H2O,R191,OH,R79
H2O,R191,OH,R202
H2O,R191,OH,R249
H2O,R191,OH,R253
H2O,R191,OH,R260
H2O,R191,OH,R328
H2O,R191,OH,R335
R89,ATOOH,R34,ATO2
MCO3,R151,MGLY,R120
MCO3,R151,MGLY,R783
NO,R561,NO2,R209
NO,R561,NO2,R760
NO2,R563,MCRHN,R881
NO3,R516,NO2,R340
NO3,R516,NO2,R639
R689,Cl2,R243,HOCl
NO,R420,NO2,R209
NO,R420,NO2,R760
H2O,R667,HNO3,R38
OH,R544,IDNOO,R546
IDN,R544,IDNOO,R546
CH2O,R36,H2O,R341
CH2O,R36,H2O,R342
ICNOO,R543,OH,R541
N2O5,R771,NO2,R47
N2O5,R771,NO3,R47
NO,R447,NO2,R209
NO,R447,NO2,R760
OH,R12,CH2O,R223
NO2,R340,NO3,R44
NO2,R340,NO3,R45
NO2,R340,NO3,R46
NO2,R340,NO3,R161
NO2,R340,NO3,R357
NO2,R340,NO3,R621
NO2,R340,NO3,R641
NO2,R340,NO3,R647
NO2,R340,NO3,R769
NO,R475,NO2,R209
NO,R475,NO2,R760
NO,R538,NO2,R209
NO,R538,NO2,R760
IHPNDOO,R538,OH,R525
NO,R640,NO2,R209
NO,R640,NO2,R760
OH,R624,MCT,R629
OH,R624,AROMP4,R651
OH,R624,AROMRO2,R619
ATO2,R89,OH,R34
MCT,R629,OH,R626
BZCO3,R633,BZCO3H,R636
BZCO3,R633,OH,R631
BZCO3,R633,OH,R636
R616,AROMRO2,R619,OH
R618,AROMRO2,R619,OH
R626,AROMRO2,R619,OH
R38,H2O,R676,HNO3
R49,H2O,R341,HCOOH
R49,H2O,R342,HCOOH
R289,H2O,R341,HCOOH
R289,H2O,R342,HCOOH
R689,H2O,R676,HOCl
R690,H2O,R676,HOCl
R637,BZCO3,R635,BZPAN
BZPAN,R637,NO2,R635
NO,R426,NO2,R209
NO,R426,NO2,R760
IHOO4,R426,OH,R439
IHOO4,R426,OH,R441
NO3,R621,NO2,R639
R549,MCROHOO,R576,OH
R329,HOI,R328,IO
OH,R618,AROMP5,R654
OH,R618,AROMP4,R651
OH,R618,MVK,R548
NO3,R664,HNO3,R38
IHOO1,R405,OH,R397
R635,BZPAN,R638,NO2
R37,HNO3,R765,NO2
R37,HNO3,R765,OH
R52,HNO3,R38,NO3
R54,HNO3,R38,NO3
R83,HNO3,R38,NO3
R121,HNO3,R38,NO3
R140,HNO3,R38,NO3
R552,HNO3,R38,NO3
R630,HNO3,R38,NO3
R632,HNO3,R38,NO3
R647,HNO3,R38,NO3
PPN,R81,NO2,R80
R186,BrNO2,R803,NO2
OH,R626,AROMP5,R654
R436,IHPOO2,R449,OH
R441,IHPOO2,R449,OH
R439,IHOO4,R407,OH
R439,IHOO4,R408,OH
R439,IHOO4,R413,OH
R439,IHOO4,R418,OH
R441,IHOO4,R404,RIPD
R441,IHOO4,R407,OH
R441,IHOO4,R408,OH
R441,IHOO4,R413,OH
R441,IHOO4,R418,OH
R436,IHPOO3,R453,OH
OH,R247,HOCl,R817
NO2,R55,PAN,R56
NO2,R55,PAN,R774
MCO3,R55,PAN,R56
MCO3,R55,PAN,R774
OH,R575,CH2O,R223
R645,NPHEN,R647,NO2
IEPOXBOO,R468,OH,R458
IEPOXBOO,R468,OH,R590
I2O4,R845,OIO,R318
IO,R835,I,R314
R314,IO,R315,I
R846,IO,R317,I2O3
R317,I2O3,R846,OIO
R318,I2O4,R319,OIO
NO3,R44,NO2,R639
NO3,R44,OH,R38
NO3,R44,OH,R252
R439,MACR,R552,OH
R514,MACR,R787,MCO3
OH,R116,CH2O,R223
NO,R520,NO2,R209
NO,R520,NO2,R760
OH,R53,CH2O,R223
NO,R59,NO2,R209
NO,R59,NO2,R760
NO3,R647,NO2,R639
NO,R346,NO2,R209
NO,R346,NO2,R760
NO,R558,NO2,R209
NO,R558,NO2,R760
H,R215,OH,R202
R45,NO2,R209,NO
R45,NO2,R639,NO3
R45,NO2,R760,NO
R46,NO2,R639,NO3
R48,NO2,R47,N2O5
R61,NO2,R209,NO
R61,NO2,R760,NO
R68,NO2,R209,NO
R68,NO2,R760,NO
R71,NO2,R209,NO
R71,NO2,R760,NO
R161,NO2,R639,NO3
R320,NO2,R209,NO
R320,NO2,R760,NO
R353,NO2,R209,NO
R353,NO2,R760,NO
R357,NO2,R639,NO3
R372,NO2,R209,NO
R372,NO2,R760,NO
R422,NO2,R209,NO
R422,NO2,R760,NO
R424,NO2,R209,NO
R424,NO2,R760,NO
R443,NO2,R209,NO
R443,NO2,R760,NO
R462,NO2,R209,NO
R462,NO2,R760,NO
R489,NO2,R209,NO
R489,NO2,R760,NO
R493,NO2,R209,NO
R493,NO2,R760,NO
R498,NO2,R209,NO
R498,NO2,R760,NO
R504,NO2,R209,NO
R504,NO2,R760,NO
R518,NO2,R209,NO
R518,NO2,R760,NO
R542,NO2,R209,NO
R542,NO2,R760,NO
R571,NO2,R209,NO
R571,NO2,R760,NO
R577,NO2,R209,NO
R577,NO2,R760,NO
R579,NO2,R209,NO
R579,NO2,R760,NO
R582,NO2,R209,NO
R582,NO2,R760,NO
R608,NO2,R209,NO
R608,NO2,R760,NO
R620,NO2,R209,NO
R620,NO2,R760,NO
R641,NO2,R639,NO3
R769,NO2,R639,NO3
R477,ISOPNOO1,R488,OH
CH2O,R223,OH,R31
CH2O,R223,OH,R50
CH2O,R223,OH,R164
CH2O,R223,OH,R441
OH,R202,H,R216
OH,R248,HOCl,R817
IEPOXBOO,R464,IDCHP,R590
OH,R252,HOCl,R817
OH,R252,NO3,R552
R134,B3O2,R91,RB3P
R401,OH,R397,IHOO1
R412,OH,R397,IHOO1
R416,OH,R397,IHOO1
R422,OH,R397,IHOO1
R552,OH,R38,NO3
R651,OH,R616,AROMP4
R817,OH,R243,HOCl
R817,OH,R251,HOCl
R48,NO3,R47,N2O5
R514,MVK,R548,MCO3
